date, pm25, pm10, o3, no2, so2, co, psi,total
01-06-21,45,25,10, , ,2, ,82
02-06-21,41,29,13, ,1,2, ,86
03-06-21,50,25,12, ,2,2, ,91
04-06-21,37,28,13, ,1,2, ,81
05-06-21,59,34,5, ,2,3, ,103
06-06-21,76, , , , , , ,76
01-05-21,50,23,25, ,1,2, ,101
02-05-21,33,25,23, ,1,2, ,84
03-05-21,39,27,26, ,1,3, ,96
04-05-21,51,27,20, ,1,3, ,102
05-05-21,42,27,16, ,1,3, ,89
06-05-21,53,34,19, ,1,3, ,110
07-05-21,55,28,25, ,1,2, ,111
08-05-21,48,29,29, ,1,2, ,109
09-05-21,50,32,20, ,1,2, ,105
10-05-21,47,24,14, ,1,1, ,87
11-05-21,35,26,17, ,1,2, ,81
12-05-21,52,40,14, ,1,3, ,110
13-05-21,77,27,11, ,2,1, ,118
14-05-21,41,27,29, ,3,2, ,102
15-05-21,43,26,24, ,4,2, ,99
16-05-21,35,21,8, ,1,1, ,66
17-05-21,40,26,11, ,1,2, ,80
18-05-21,38,23,9, ,1,2, ,73
19-05-21,43,32,20, ,2,4, ,101
20-05-21,64,26,11, ,1,3, ,105
21-05-21,37,31,11, ,1,4, ,84
22-05-21,50,28,21, ,2,2, ,103
23-05-21,46,26,18, ,2,2, ,94
24-05-21,47,25,18, ,1,1, ,92
25-05-21,37,25,18, ,2,1, ,83
26-05-21,37,25,11, ,1,2, ,76
27-05-21,44,33,23, ,1,2, ,103
28-05-21,64,31,13, ,2,2, ,112
29-05-21,52,25,20, ,2,1, ,100
30-05-21,39,25,12, ,1,2, ,79
31-05-21,43,24,14, ,1,1, ,83
01-04-21,32,27,38, ,3,2, ,102
02-04-21,51,29,30, ,3,2, ,115
03-04-21,56,29,24, ,3,2, ,114
04-04-21,43,30,16, ,2,3, ,94
05-04-21,52,30,15, ,2,4, ,103
06-04-21,46,29,22, ,2,2, ,101
07-04-21,36,27,39, ,3,2, ,107
08-04-21,49,31,19, ,3,2, ,104
09-04-21,51,35,24, ,2,3, ,115
10-04-21,63,41,23, ,1,2, ,130
11-04-21,73,37,29, ,1,2, ,142
12-04-21,63,34,18, ,1,2, ,118
13-04-21,60,32,36, ,1,3, ,132
14-04-21,55,31,20, ,1,3, ,110
15-04-21,57,33,16, ,1,4, ,111
16-04-21,64,35,14, ,1,4, ,118
17-04-21,51,27,39, ,2,4, ,123
18-04-21,69,35,20, ,2,4, ,130
19-04-21,64,36,41, ,3,4, ,148
20-04-21,74,30,20, ,1,2, ,127
21-04-21,46,35,2, ,1,3, ,87
22-04-21,58,23, , ,1,2, ,84
23-04-21,31,23, , ,2,2, ,58
24-04-21,36,27,20, ,2,2, ,87
25-04-21,49,30,10, ,1,3, ,93
26-04-21,58,35,11, ,1,5, ,110
27-04-21,71,37,19, ,1,4, ,132
28-04-21,69,32,13, ,1,4, ,119
29-04-21,52,33,15, ,1,4, ,105
30-04-21,64,32,23, ,1,4, ,124
01-03-21,87,42,26, ,2,3, ,160
02-03-21,70,32,19, ,2,2, ,125
03-03-21,53,29,14, ,2,2, ,100
04-03-21,51,34,14, ,2,2, ,103
05-03-21,44,32,13, ,2,2, ,93
06-03-21,49,32,8, ,2,3, ,94
07-03-21,62,23,17, ,2,3, ,107
08-03-21,41,29,19, ,2,2, ,93
09-03-21,49,32,22, ,3,2, ,108
10-03-21,55,30,18, ,2,2, ,107
11-03-21,42,25,13, ,2,2, ,84
12-03-21,34,24,14, ,2,2, ,76
13-03-21,40,26,15, ,2,2, ,85
14-03-21,44,35,14, ,2,2, ,97
15-03-21,52,37,20, ,2,2, ,113
16-03-21,53,35,19, ,2,2, ,111
17-03-21,52,34,20, ,2,3, ,111
18-03-21,52,35,27, ,2,3, ,119
19-03-21,59,35,21, ,2,2, ,119
20-03-21,53,38,22, ,2,3, ,118
21-03-21,53,28,15, ,2,2, ,100
22-03-21,42,28,13, ,2,2, ,87
23-03-21,40,23,8, ,2,2, ,75
24-03-21,31,22,8, ,2,2, ,65
25-03-21,39,24,20, ,2,2, ,87
26-03-21,31,26,8, ,3, , ,68
27-03-21,42,35,66, ,3,3, ,149
28-03-21,61,30,16, ,3,2, ,112
29-03-21,44,30,23, ,3,3, ,103
30-03-21,59,32,17, , ,2, ,110
31-03-21,40,27,20, ,3,1, ,91
01-02-21,43,34,19, ,2,3, ,101
02-02-21,38,32,24, ,2,3, ,99
03-02-21,41,34,20, ,2, , ,97
04-02-21,39,31,16, ,2, , ,88
05-02-21,41,36,20, ,2,3, ,102
06-02-21,44,32,17, ,2,3, ,98
07-02-21,38,27,14, ,2, , ,81
08-02-21,35,29,17, ,2,4, ,87
09-02-21,39,31,13, ,2,3, ,88
10-02-21,44,29,15, ,2,3, ,93
11-02-21,38,26,19, ,2,4, ,89
12-02-21,35,28,24, ,2,4, ,93
13-02-21,47,34,26, ,2,4, ,113
14-02-21,60,36,30, ,2,4, ,132
15-02-21,62,42,34, ,2,4, ,144
16-02-21,80,40,32, ,2,3, ,157
17-02-21,62,33,27, ,2,3, ,127
18-02-21,42,32,22, ,2,3, ,101
19-02-21,46,38,20, ,2,3, ,109
20-02-21,51,40,24, ,2,3, ,120
21-02-21,53,38,25, ,2,3, ,121
22-02-21,50,34,30, ,2,3, ,119
23-02-21,54,39,33, ,2,3, ,131
24-02-21,62,41,39, ,2,4, ,148
25-02-21,75,43,60, ,3,3, ,184
26-02-21,74,44,58, ,3,3, ,182
27-02-21,79,47,45, ,3, , ,174
28-02-21,75,42,36, ,2,3, ,158
04-01-21,28,19,10, ,2,3, ,62
05-01-21,27,21,7, ,2,3, ,60
06-01-21,28,20,4, ,2,4, ,58
07-01-21,26,23,5, ,2,3, ,59
08-01-21,34,28,9, ,2,3, ,76
09-01-21,29,20,12, ,2,4, ,67
10-01-21,19,19,16, ,2,3, ,59
11-01-21,30,26,17, ,2,3, ,78
12-01-21,32,27,18, ,2,3, ,82
13-01-21,33,29,21, ,2, , ,85
14-01-21,43,36,26, ,2,4, ,111
15-01-21,58,35,21, ,2,3, ,119
16-01-21,52,32,18, ,2,2, ,106
17-01-21,40,35,24, ,2, , ,101
18-01-21,48,42,20, ,2,2, ,114
19-01-21,53,40,23, ,2,3, ,121
20-01-21,54,37,28, ,2,3, ,124
21-01-21,61,32,16, ,2,3, ,114
22-01-21,45,32,17, ,1,4, ,99
23-01-21,49,23,20, ,1,3, ,96
24-01-21,30,25,15, ,1,3, ,74
25-01-21,30,25,17, ,1,3, ,76
26-01-21,35,24,14, ,1, , ,74
27-01-21,33,23,10, ,1,3, ,70
28-01-21,36,29,15, ,2,3, ,85
29-01-21,37,33,20, ,2,3, ,95
30-01-21,50,34,21, ,2,4, ,111
31-01-21,44,33,20, ,2,4, ,103
01-10-20,38,26,17, ,2,3, ,86
02-10-20,51,27,15, ,2,2, ,97
03-10-20,28,22,24, ,2,3, ,79
04-10-20,50,33,25, ,2,4, ,114
05-10-20,66,31,23, ,2,3, ,125
06-10-20,60,27,23, ,2,2, ,114
07-10-20,39,21,16, ,2,2, ,80
08-10-20,26,21,14, ,2,2, ,65
09-10-20,38,23,12, ,2,3, ,78
10-10-20,41,23,16, ,2,3, ,85
11-10-20,31,18,16, ,2,3, ,70
12-10-20,33,24,25, ,2,3, ,87
13-10-20,44,31,21, ,2,3, ,101
14-10-20,60,29,28, ,2,3, ,122
15-10-20,51,30,21, ,2,3, ,107
16-10-20,53,33,18, ,2,4, ,110
17-10-20,74,31,17, ,2,3, ,127
18-10-20,53,25,38, ,2, , ,118
19-10-20,50,27,12, ,2,4, ,95
20-10-20,59,36,30, ,2,4, ,131
21-10-20,74,29,16, ,2,3, ,124
22-10-20,32,24,19, ,2,3, ,80
23-10-20,48,31,15, ,2,4, ,100
24-10-20,57,26,13, ,2,3, ,101
25-10-20,34,24,10, ,2,3, ,73
26-10-20,44,27,17, ,4,2, ,94
27-10-20,46,30,3, ,6,2, ,87
28-10-20,56,29,12, ,1,2, ,100
29-10-20,48,27,13, ,1,2, ,91
30-10-20,46,27,24, ,1,2, ,100
31-10-20,46,28,21, ,1,3, ,99
01-11-20,47,24,19, ,2,2, ,94
02-11-20,39,25,13, ,2,4, ,83
03-11-20,50,25,5, ,1,3, ,84
04-11-20,36,27,43, ,1,4, ,111
05-11-20,56,27,18, ,2,3, ,106
06-11-20,43,23,7, ,1,3, ,77
07-11-20,43,26,14, ,1,4, ,88
08-11-20,49,27,17, ,1,4, ,98
09-11-20,50,29,14, ,1,3, ,97
10-11-20,52,38,19, ,2,5, ,116
11-11-20,60,26,23, ,1,2, ,112
12-11-20,34,26,23, ,1,3, ,87
13-11-20,48,27,19, ,1,4, ,99
14-11-20,44,26,15, ,1,3, ,89
15-11-20,41,21,18, ,1, , ,81
16-11-20,46,24,12, ,1,4, ,87
17-11-20,42,30,28, ,2,3, ,105
18-11-20,56,30,16, ,2,3, ,107
19-11-20,53,25,15, ,1,4, ,98
20-11-20,47,27,2, ,1,5, ,82
21-11-20,61,20,10, ,2,5, ,98
22-11-20,21,20,6, ,1,4, ,52
23-11-20,32,24,6, ,1,5, ,68
24-11-20,47,26,12, ,1,4, ,90
25-11-20,39,24,5, ,1,5, ,74
26-11-20,38,25,16, ,1,4, ,84
27-11-20,33,26,10, ,1,4, ,74
28-11-20,38,25,23, ,1,4, ,91
29-11-20,38,26,13, ,1,4, ,82
30-11-20,43,31,17, ,2,3, ,96
01-12-20,48,29,17, ,2,4, ,100
02-12-20,50,27,19, ,1,4, ,101
03-12-20,45,23,13, ,1,4, ,86
04-12-20,26,22,22, ,1, , ,71
05-12-20,39,28,25, ,1, , ,93
06-12-20,45,29,23, ,2,4, ,103
07-12-20,48,29,23, ,2,4, ,106
08-12-20,43,23,20, ,2,4, ,92
09-12-20,35,26,18, ,2,4, ,85
10-12-20,46,25,22, ,2,4, ,99
11-12-20,36,26,16, ,2,4, ,84
12-12-20,43,22,26, ,2,4, ,97
13-12-20,34,27,12, ,2,4, ,79
14-12-20,38,21,9, ,2,3, ,73
15-12-20,28,22,3, ,2,4, ,59
16-12-20,34,25,7, ,2,4, ,72
17-12-20,41,25,3, ,2,3, ,74
18-12-20,33,22,9, ,2,3, ,69
19-12-20,25,22,12, ,2,3, ,64
20-12-20,35,24,17, ,2,4, ,82
21-12-20,38,29,20, ,2,4, ,93
22-12-20,45,32,30, ,2,5, ,114
23-12-20,50,29,15, ,2,4, ,100
24-12-20,47,32,31, ,2,4, ,116
25-12-20,62,26,15, ,2,4, ,109
26-12-20,35,23,12, ,2,3, ,75
27-12-20,35,24,9, ,2,3, ,73
28-12-20,34,27,9, ,2,3, ,75
29-12-20,36,27,12, ,2,3, ,80
30-12-20,34,27,15, ,2,3, ,81
31-12-20,47,24,16, ,2,4, ,93
01-01-21,22,17,9, , ,4, ,52
02-01-21,19,16,3, , , , ,38
03-01-21,26,18,6, ,2,3, ,55
01-07-20,33,26,15, ,2,2, ,78
02-07-20,30,22,14, ,2,3, ,71
03-07-20,27,22,17, ,2,3, ,71
04-07-20,25,23,19, ,2,3, ,72
05-07-20,28,25,15, ,2,3, ,73
06-07-20,33,25,9, ,2,3, ,72
07-07-20,31,25,9, ,2,3, ,70
08-07-20,35,24,7, ,3,3, ,72
09-07-20,22,23,15, ,2,3, ,65
10-07-20,28,24,14, ,2,4, ,72
11-07-20,35,25,18, ,2,3, ,83
12-07-20,34,22,14, ,2,3, ,75
13-07-20,28,18,15, ,2,3, ,66
14-07-20,27,19,11, ,2,3, ,62
15-07-20,32,20,10, ,2,3, ,67
16-07-20,32,23,15, ,2,4, ,76
17-07-20,37,21,7, ,2,3, ,70
18-07-20,27,24,15, ,2,4, ,72
19-07-20,39,19,11, ,2,3, ,74
20-07-20,23,19,17, ,2, , ,61
21-07-20,32,21,5, ,2,4, ,64
22-07-20,31,24,10, ,2,3, ,70
23-07-20,38,23,8, ,2,3, ,74
24-07-20,35,21,7, ,2,3, ,68
25-07-20,28,23,11, ,2,3, ,67
26-07-20,39,30,8, ,2,4, ,83
27-07-20,50,27,11, ,2,4, ,94
28-07-20,41,28,10, ,2,4, ,85
29-07-20,59,36,14, ,3,5, ,117
30-07-20,67,32,18, ,2,3, ,122
31-07-20,53,32,20, ,3,4, ,112
01-08-20,61,35,23, ,3,4, ,126
02-08-20,69,32,23, ,3, , ,127
03-08-20,53,26,9, ,4,3, ,95
04-08-20,28,20,12, ,5, , ,65
05-08-20,32,23,13, ,3,4, ,75
06-08-20,37,24,16, ,3, , ,80
07-08-20,47,26,17, ,3,3, ,96
08-08-20,47,28,20, ,3,3, ,101
09-08-20,56,33,17, ,3,3, ,112
10-08-20,62,35,20, ,2,3, ,122
11-08-20,67,34,12, ,1,4, ,118
12-08-20,54,30,14, ,1,4, ,103
13-08-20,48,22,5, ,1,3, ,79
14-08-20,44,28,14, ,1,4, ,91
15-08-20,53,27,15, ,1,3, ,99
16-08-20,44,23,9, ,1,3, ,80
17-08-20,39,23,7, ,1,3, ,73
18-08-20,38,28,9, ,1,3, ,79
19-08-20,47,30,9, ,1,1, ,88
20-08-20,47,27,19, ,1,1, ,95
21-08-20,45,28,15, ,1,3, ,92
22-08-20,44,29,4, ,1,4, ,82
23-08-20,49,26,16, ,1,4, ,96
24-08-20,41,25,8, ,1,3, ,78
25-08-20,35,22,14, ,1,2, ,74
26-08-20,32,23,16, ,1,2, ,74
27-08-20,39,29,17, ,1,3, ,89
28-08-20,54,33,11, ,1,4, ,103
29-08-20,49,30,14, ,1,3, ,97
30-08-20,41,24,15, ,1,3, ,84
31-08-20,40,29,12, ,1, , ,82
01-09-20,44,28,12, ,1,3, ,88
02-09-20,44,27,7, ,1,4, ,83
03-09-20,50,23,10, ,1,3, ,87
04-09-20,33,26,4, ,1,4, ,68
05-09-20,47,22,12, ,1,3, ,85
06-09-20,39,26,16, ,1,4, ,86
07-09-20,47,28,12, ,1,2, ,90
08-09-20,42,24,11, ,1,3, ,81
09-09-20,40,27,20, ,1,5, ,93
10-09-20,45,22,13, ,3,3, ,86
11-09-20,35,22,6, ,1,3, ,67
12-09-20,39,27,6, ,1,4, ,77
13-09-20,52,28,6, ,3,4, ,93
14-09-20,51,29,21, ,4,4, ,109
15-09-20,56,27,14, ,5,3, ,105
16-09-20,42,26,36, ,3,3, ,110
17-09-20,48,27,29, ,1,3, ,108
18-09-20,49,28,30, ,1,3, ,111
19-09-20,37,25,30, ,3,3, ,98
20-09-20,50,23,17, ,1,3, ,94
21-09-20,37,22,23, ,2,3, ,87
22-09-20,41,32,24, ,2,3, ,102
23-09-20,50,25,27, ,1,2, ,105
24-09-20,37,28,29, ,1,2, ,97
25-09-20,49,25,13, ,2,2, ,91
26-09-20,31,21,16, ,2,3, ,73
27-09-20,39,25,15, ,1,3, ,83
28-09-20,43,25,7, ,1,3, ,79
29-09-20,35,25,16, ,2,2, ,80
30-09-20,39,25,13, ,2,3, ,82
01-04-20,54,21,20, ,2,4, ,101
02-04-20,50,20,13, ,2,5, ,90
03-04-20,40,20,13, ,2,4, ,79
04-04-20,50,23,16, ,2,4, ,95
05-04-20,49,23,13, ,2,4, ,91
06-04-20,55,17,25, ,2,3, ,102
07-04-20,34,17,21, ,2,3, ,77
08-04-20,47,19,25, ,2,3, ,96
09-04-20,50,21,30, ,2, , ,103
10-04-20,51,21,25, ,2,3, ,102
11-04-20,57,19,20, ,2,3, ,101
12-04-20,44,19,18, ,2,3, ,86
13-04-20,52,22,27, ,2,3, ,106
14-04-20,58,24,26, ,2,3, ,113
15-04-20,55,25,23, ,2,3, ,108
16-04-20,54,25,26, ,2,3, ,110
17-04-20,50,24,27, ,2,3, ,106
18-04-20,44,21,24, ,2,3, ,94
19-04-20,46,17,20, ,2,3, ,88
20-04-20,35,21,15, ,2,3, ,76
21-04-20,43,19,13, ,2,3, ,80
22-04-20,37,18,11, ,2,4, ,72
23-04-20,41,27,16, ,2,4, ,90
24-04-20,46,25,15, ,2,4, ,92
25-04-20,39,29,22, ,2,4, ,96
26-04-20,46,23,13, ,2,4, ,88
27-04-20,31,23,24, ,2,4, ,84
28-04-20,32,21,27, ,2,3, ,85
29-04-20,36,26,18, ,3,4, ,87
30-04-20,41,23,15, ,3,4, ,86
01-05-20,33,23,21, ,4,5, ,86
02-05-20,38,21,21, ,3,5, ,88
03-05-20,31,23,11, ,4,4, ,73
04-05-20,38,34,34, ,1,4, ,111
05-05-20,49,30,19, ,1,3, ,102
06-05-20,44,26,30, ,2,3, ,105
07-05-20,46,32,17, ,2,3, ,100
08-05-20,43,20,19, ,3,2, ,87
09-05-20,26,19,12, ,2,3, ,62
10-05-20,23,19,12, ,1,3, ,58
11-05-20,22,20,19, ,1, , ,62
12-05-20,26,23,19, ,2,3, ,73
13-05-20,31,29,29, ,3,3, ,95
14-05-20,49,34,19, ,2,3, ,107
15-05-20,47,24,12, ,2,3, ,88
16-05-20,30,21,12, ,3, , ,66
17-05-20,29,21,22, ,4,3, ,79
18-05-20,36,29,23, ,3,3, ,94
19-05-20,53,28,10, ,3,3, ,97
20-05-20,47,32,37, ,5,4, ,125
21-05-20,53,37,20, ,2,5, ,117
22-05-20,53,28,18, ,2,4, ,105
23-05-20,48,33,24, ,4,5, ,114
24-05-20,52,31,19, ,2,4, ,108
25-05-20,49,35,29, ,2,4, ,119
26-05-20,63,31,16, ,2,3, ,115
27-05-20,36,31,14, ,2,3, ,86
28-05-20,44,25,12, ,2,3, ,86
29-05-20,31,30,14, ,2,4, ,81
30-05-20,48,35,11, ,2,5, ,101
31-05-20,56,31,8, ,2,4, ,101
01-06-20,43,25,18, ,2,4, ,92
02-06-20,36,27,10, ,3,4, ,80
03-06-20,37,20,12, ,3,3, ,75
04-06-20,20,18,11, ,2,3, ,54
05-06-20,24,22,9, ,1,4, ,60
06-06-20,41,36,15, ,1,4, ,97
07-06-20,54,30,30, ,1,4, ,119
08-06-20,47,29,16, ,2,3, ,97
09-06-20,39,26,19, ,2,3, ,89
10-06-20,31,25,18, ,3,4, ,81
11-06-20,34,26,17, ,1,3, ,81
12-06-20,38,26,9, ,1,4, ,78
13-06-20,34,24,17, ,1,5, ,81
14-06-20,48,24,13, ,1,3, ,89
15-06-20,36,18,7, ,2,4, ,67
16-06-20,45,17,9, ,1,3, ,75
17-06-20,31,20,14, ,1,3, ,69
18-06-20,43,19,14, ,1,3, ,80
19-06-20,30,21,7, ,2, , ,60
20-06-20,27,21,8, ,2,3, ,61
21-06-20,23,19,10, ,2,3, ,57
22-06-20,36,22,8, ,2,3, ,71
23-06-20,23,19,8, ,2,2, ,54
24-06-20,22,19,14, ,2,3, ,60
25-06-20,31,26,16, ,2,2, ,77
26-06-20,37,28,17, ,2,2, ,86
27-06-20,40,27,12, ,2,2, ,83
28-06-20,32,27,16, ,2,2, ,79
29-06-20,38,29,18, ,2,2, ,89
30-06-20,38,26,12, ,2,2, ,80
01-01-20,36,23,18, ,1,3, ,81
02-01-20,41,26,18, ,1,3, ,89
03-01-20,44,25,17, ,1,3, ,90
04-01-20,44,26,20, ,1,3, ,94
05-01-20,41,24,18, ,1,3, ,87
06-01-20,36,15,15, ,1,3, ,70
07-01-20,28,15,15, ,1,3, ,62
08-01-20,37,22,16, ,1, , ,76
09-01-20,46,24,13, ,1,4, ,88
10-01-20,49,24,17, ,1,4, ,95
11-01-20,50,24,29, ,1,4, ,108
12-01-20,59,25,22, ,1,4, ,111
13-01-20,53,24,19, ,1,3, ,100
14-01-20,45,25,20, ,1,3, ,94
15-01-20,47,28,18, ,1,4, ,98
16-01-20,75,39,16, ,2,4, ,136
17-01-20,87,27,14, ,2,4, ,134
18-01-20,53,20,18, ,2,3, ,96
19-01-20,40,25,15, ,2,3, ,85
20-01-20,55,22,10, ,2,3, ,92
21-01-20,44,25,17, ,2,3, ,91
22-01-20,45,23,18, ,2,4, ,92
23-01-20,44,21,21, ,2, , ,88
24-01-20,38,22,25, ,2,4, ,91
25-01-20,42,21,30, ,2,4, ,99
26-01-20,43,21,23, ,2,3, ,92
27-01-20,44,20,26, ,2,3, ,95
28-01-20,48,20,15, ,2,3, ,88
29-01-20,37,12,20, ,2,3, ,74
30-01-20,32,18,25, ,2,3, ,80
31-01-20,50,24,25, ,2,4, ,105
01-02-20,45,31,25, ,2,4, ,107
02-02-20,60,30,26, ,2, , ,118
03-02-20,56,30,28, ,2,4, ,120
04-02-20,61,27,23, ,2, , ,113
05-02-20,49,24,24, , ,3, ,100
06-02-20,43,25,23, , ,4, ,95
07-02-20,52,28,22, , ,3, ,105
08-02-20,54,24,14, , ,3, ,95
09-02-20,42,13,22, , ,3, ,80
10-02-20,23,16,8, , ,3, ,50
11-02-20,40,16,15, , ,3, ,74
12-02-20,39,26,16, ,2,3, ,86
13-02-20,52,30,17, ,2,3, ,104
14-02-20,55,25,31, , ,4, ,115
15-02-20,50,24,36, , ,5, ,115
16-02-20,58,22,20, , ,4, ,104
17-02-20,42,16,14, , , , ,72
18-02-20,32,24,20, ,2,4, ,82
19-02-20,47,25,21, ,2,4, ,99
20-02-20,43,23,17, ,2,4, ,89
21-02-20,43,26,22, , ,4, ,95
22-02-20,44,27,22, , , , ,93
23-02-20,45,25,17, ,2,3, ,92
24-02-20,45,30,20, ,2,3, ,100
25-02-20,52,28,19, ,2,3, ,104
26-02-20,45,23,17, ,2,3, ,90
27-02-20,40,23,19, , ,4, ,86
28-02-20,52,27,24, , ,3, ,106
29-02-20,49,23,21, , , , ,93
01-03-20,44,18,21, , , , ,83
02-03-20,33,18,16, ,2,3, ,72
03-03-20,47,25,21, ,2,3, ,98
04-03-20,49,24,14, ,2,3, ,92
05-03-20,56,25,26, ,2,4, ,113
06-03-20,56,17,18, ,2,4, ,97
07-03-20,35,19,31, ,2,4, ,91
08-03-20,47,29,40, ,3,5, ,124
09-03-20,69,33,37, ,4,4, ,147
10-03-20,62,35,36, ,3,5, ,141
11-03-20,74,33,25, ,2,5, ,139
12-03-20,64,26,24, ,1,4, ,119
13-03-20,46,24,24, ,1,4, ,99
14-03-20,46,27,21, ,1,4, ,99
15-03-20,48,24,17, ,1,3, ,93
16-03-20,40,29,21, ,1,3, ,94
17-03-20,53,29,18, ,1,3, ,104
18-03-20,53,26,25, ,1, , ,105
19-03-20,51,28,25, ,1,3, ,108
20-03-20,55,25,20, ,1,3, ,104
21-03-20,49,22,17, ,1,4, ,93
22-03-20,45,20,9, ,1,4, ,79
23-03-20,43,19,16, ,1,4, ,83
24-03-20,44,21,15, ,1,4, ,85
25-03-20,55,24,17, ,1,3, ,100
26-03-20,52,21,15, ,1,4, ,93
27-03-20,40,22,17, ,2,4, ,85
28-03-20,53,23,14, ,2,4, ,96
29-03-20,57, , , , , , ,57
01-10-19,69,32,13, ,3,5, ,122
02-10-19,68,31,15, ,4,4, ,122
03-10-19,61,23,13, ,5,3, ,105
04-10-19,41,17,19, ,3,2, ,82
05-10-19,42,22,20, ,3,3, ,90
06-10-19,52,27,8, ,3,4, ,94
07-10-19,54,22,12, ,3,4, ,95
08-10-19,58,29,11, ,5,5, ,108
09-10-19,59,30,34, ,2,5, ,130
10-10-19,80,36,14, ,3,5, ,138
11-10-19,63,23,12, ,3,3, ,104
12-10-19,55,32,14, ,3,5, ,109
13-10-19,65,27,17, ,4,3, ,116
14-10-19,62,32,16, ,3,5, ,118
15-10-19,62,29,22, ,3,3, ,119
16-10-19,50,23,7, ,2,4, ,86
17-10-19,58,31,13, ,3,5, ,110
18-10-19,64,33,21, ,3,5, ,126
19-10-19,73,36,16, ,3,4, ,132
20-10-19,63,22,7, ,3,4, ,99
21-10-19,47,30,4, ,4,6, ,91
22-10-19,48,21,14, ,5,6, ,94
23-10-19,57,36,13, ,4,7, ,117
24-10-19,75,33,19, ,3,5, ,135
25-10-19,60,23,12, ,3,4, ,102
26-10-19,51,22,27, ,3,5, ,108
27-10-19,53,21,13, ,4,3, ,94
28-10-19,37,20,38, ,5,5, ,105
29-10-19,71,33,24, ,7,5, ,140
30-10-19,74,38,18, ,3,8, ,141
31-10-19,91,39,23, ,4,6, ,163
01-11-19,54,32,4, ,4,6, ,100
02-11-19,91,34,29, ,8,3, ,165
03-11-19,61,27,5, ,16,5, ,114
04-11-19,83,45,16, ,7,6, ,157
05-11-19,89,41,22, ,4,4, ,160
06-11-19,86,44,29, ,2,5, ,166
07-11-19,101,35,21, ,2,2, ,161
08-11-19,43,25,29, ,3,3, ,103
09-11-19,78,39,27, ,7,3, ,154
10-11-19,65,33,16, ,8,4, ,126
11-11-19,81,40,19, ,3,4, ,147
12-11-19,93,52,42, ,2,8, ,197
13-11-19,123,47,20, ,2,4, ,196
14-11-19,65,29,18, ,1,4, ,117
15-11-19,45,20,24, , ,3, ,92
16-11-19,49,28,29, ,1,4, ,111
17-11-19,58,25,26, ,1,3, ,113
18-11-19,53,23,14, ,1,4, ,95
19-11-19,44,22,8, , ,4, ,78
20-11-19,46,18,11, , ,4, ,79
21-11-19,37,15,16, , ,3, ,71
22-11-19,30,15,16, , ,4, ,65
23-11-19,28,13,22, , ,4, ,67
24-11-19,32,17,24, ,1,5, ,79
25-11-19,44,15,15, ,1,3, ,78
26-11-19,26,15,13, , ,9, ,63
27-11-19,41,21,11, ,1,3, ,77
28-11-19,37,20,11, ,1,4, ,73
29-11-19,27,16,14, ,1,4, ,62
30-11-19,33,17,28, ,1,5, ,84
01-12-19,34,15,14, ,1,4, ,68
02-12-19,24,19,16, ,1,3, ,63
03-12-19,42,33,21, ,1,4, ,101
04-12-19,55,35,22, ,1,4, ,117
05-12-19,56,32,28, ,1,4, ,121
06-12-19,56,29,34, ,1,3, ,123
07-12-19,56,26,26, ,1,3, ,112
08-12-19,42,15,19, ,1,3, ,80
09-12-19,21,17,16, ,1,4, ,59
10-12-19,52,19,10, ,1,3, ,85
11-12-19,28,15,22, ,1,3, ,69
12-12-19,43,26,18, ,1,4, ,92
13-12-19,50,13,9, ,1,4, ,77
14-12-19,25,12,7, ,1,4, ,49
15-12-19,23,11,15, ,1,3, ,53
16-12-19,25,15,7, ,1,4, ,52
17-12-19,40,20,20, ,1,5, ,86
18-12-19,44,19,16, ,1,5, ,85
19-12-19,32,17,12, ,1,4, ,66
20-12-19,46,21,11, ,1,4, ,83
21-12-19,37,15,14, ,1, , ,67
22-12-19,33,17,15, ,1,4, ,70
23-12-19,45,20,12, , ,4, ,81
24-12-19,41,20,17, ,4, , ,82
25-12-19,46,21,17, ,26, , ,110
26-12-19,45,21,16, ,8, , ,90
27-12-19,34,23,20, ,2,3, ,82
28-12-19,51,26,22, ,2,3, ,104
29-12-19,48, , , , , , ,48
01-07-19,52,28,20, ,6,3, ,109
02-07-19,59,32,16, ,5,4, ,116
03-07-19,65,35,18, ,6,4, ,128
04-07-19,68,25,14, ,5,3, ,115
05-07-19,44,18,14, ,4,21, ,101
06-07-19,34,18,13, ,5,4, ,74
07-07-19,44,18,9, ,3,4, ,78
08-07-19,35,17,11, ,4,5, ,72
09-07-19,46,22,21, ,5,3, ,97
10-07-19,50,23,19, ,4, , ,96
11-07-19,47,23,13, ,6, , ,89
12-07-19,42,20,16, ,3,5, ,86
13-07-19,43,20,21, ,5,3, ,92
14-07-19,48,25,20, ,5,3, ,101
15-07-19,52,24,18, ,3,25, ,122
16-07-19,57,29,24, ,2,3, ,115
17-07-19,62,30,24, ,2,3, ,121
18-07-19,54,27,18, ,1,27, ,127
19-07-19,50,25,19, ,1,3, ,98
20-07-19,53,25,17, ,4,4, ,103
21-07-19,56,18,15, ,4,4, ,97
22-07-19,39,18,7, ,2,4, ,70
23-07-19,40,24,12, ,2,6, ,84
24-07-19,51,24,19, ,2,3, ,99
25-07-19,49,24,21, ,2,4, ,100
26-07-19,50,25,20, ,2, , ,97
27-07-19,50,25,17, ,2,4, ,98
28-07-19,49,22,20, ,2, , ,93
29-07-19,55,29,22, ,3,4, ,113
30-07-19,67,34,22, ,2,4, ,129
31-07-19,66,32,23, ,2,4, ,127
01-08-19,62,32,22, ,1,4, ,121
02-08-19,62,30,18, ,3,5, ,118
03-08-19,55,29,18, ,2,3, ,107
04-08-19,57,31,22, ,2,3, ,115
05-08-19,66,41,23, ,1,4, ,135
06-08-19,74,40,26, ,2,3, ,145
07-08-19,73,41,28, ,3,4, ,149
08-08-19,73,38,29, ,2,36, ,178
09-08-19,75,37,24, ,1, , ,137
10-08-19,66,35,24, ,3,4, ,132
11-08-19,65,33,24, ,2,9, ,133
12-08-19,62,34,20, ,2,4, ,122
13-08-19,66,32,19, ,1,3, ,121
14-08-19,61,31,14, ,2, , ,108
15-08-19,63,32,23, ,3,4, ,125
16-08-19,63,39,21, ,2,4, ,129
17-08-19,74,38,24, ,1,4, ,141
18-08-19,64,32,19, ,3,4, ,122
19-08-19,62,33,24, ,4,4, ,127
20-08-19,65,35,22, ,3,4, ,129
21-08-19,63,32,16, ,3,4, ,118
22-08-19,54,31,20, ,3,4, ,112
23-08-19,60,36,24, ,3,4, ,127
24-08-19,64,37,21, ,4,4, ,130
25-08-19,72,44,21, ,5,6, ,148
26-08-19,85,33,13, ,5,7, ,143
27-08-19,66,30,12, ,11,6, ,125
28-08-19,65,25,17, ,5,4, ,116
29-08-19,61,29,17, ,2,6, ,115
30-08-19,62,30,26, ,2,3, ,123
31-08-19,62,35,25, ,3,4, ,129
01-09-19,71,37,21, ,5,36, ,170
02-09-19,71,38,19, ,4,4, ,136
03-09-19,72,35,18, ,3,4, ,132
04-09-19,62,34,28, ,3,11, ,138
05-09-19,76,41,29, ,4,4, ,154
06-09-19,78,42,32, ,3,4, ,159
07-09-19,83,43,30, ,2,5, ,163
08-09-19,81,49,29, ,3,5, ,167
09-09-19,109,55,26, ,3,6, ,199
10-09-19,113,50,23, ,3,5, ,194
11-09-19,87,47,31, ,4,6, ,175
12-09-19,114,57,31, ,4,6, ,212
13-09-19,130,58,28, ,3,7, ,226
14-09-19,123,67,36, ,3,7, ,236
15-09-19,124,55,32, ,5,5, ,221
16-09-19,107,57,33, ,5,6, ,208
17-09-19,121,68,31, ,3,9, ,232
18-09-19,157,70,26, ,2,7, ,262
19-09-19,97,42,21, ,2,4, ,166
20-09-19,81,58,33, ,3,6, ,181
21-09-19,135,63,36, ,3,7, ,244
22-09-19,152,67,23, ,3,6, ,251
23-09-19,131,55,21, ,3,7, ,217
24-09-19,106,37,11, ,3,5, ,162
25-09-19,65,31,54, ,4,7, ,161
26-09-19,88,43,25, ,6,5, ,167
27-09-19,90,39,33, ,5,6, ,173
28-09-19,91,41,26, ,5,8, ,171
29-09-19,70,29,18, ,5,6, ,128
30-09-19,67,32,13, ,4,4, ,120
01-04-19,55,25,27, ,3,5, ,115
02-04-19,63,30,28, ,4,4, ,129
03-04-19,54,21,22, ,3,4, ,104
04-04-19,43,20,25, ,3,3, ,94
05-04-19,48,23,27, ,4,3, ,105
06-04-19,49,28,35, ,4,3, ,119
07-04-19,57,22,25, ,3,3, ,110
08-04-19,46,24,22, ,3,4, ,99
09-04-19,56,26,22, ,3,5, ,112
10-04-19,59,33,9, ,4,6, ,111
11-04-19,74,31,18, ,5,4, ,132
12-04-19,50,27,20, ,7,4, ,108
13-04-19,49,16,16, ,4,3, ,88
14-04-19,36,15,19, ,3,3, ,76
15-04-19,41,16,21, ,5,3, ,86
16-04-19,37,22,32, ,5,3, ,99
17-04-19,59,26,23, ,3,4, ,115
18-04-19,63,23,27, ,2,5, ,120
19-04-19,56,25,11, ,3,6, ,101
20-04-19,63,31,26, ,4,5, ,129
21-04-19,64,22,17, ,4,4, ,111
22-04-19,53,27,14, ,3,6, ,103
23-04-19,62,25,18, ,3,6, ,114
24-04-19,59,28,23, ,3,5, ,118
25-04-19,69,33,6, ,3,6, ,117
26-04-19,54,16,8, ,2,5, ,85
27-04-19,37,20,33, ,5,4, ,99
28-04-19,49,24,26, ,7,4, ,110
29-04-19,51,25,16, ,4,5, ,101
30-04-19,63,33,33, ,7,6, ,142
01-05-19,76,35,28, ,9,5, ,153
02-05-19,91,49,29, ,6,6, ,181
03-05-19,92,38,13, ,6,5, ,154
04-05-19,67,28,25, ,4,5, ,129
05-05-19,53,15,23, ,4,3, ,98
06-05-19,30,20,24, ,5,4, ,83
07-05-19,56,21,9, ,7,4, ,97
08-05-19,47,24,16, ,7,5, ,99
09-05-19,54,24,22, ,6,4, ,110
10-05-19,54,30,8, ,6,6, ,104
11-05-19,72,32,30, ,8,5, ,147
12-05-19,71,31,18, ,4,5, ,129
13-05-19,65,31,19, ,3,7, ,125
14-05-19,62,23,12, ,2,6, ,105
15-05-19,53,22,15, ,4,4, ,98
16-05-19,48,20,20, ,6,4, ,98
17-05-19,41,20,18, ,6,4, ,89
18-05-19,52,17,16, ,5,3, ,93
19-05-19,39,19,19, ,4,4, ,85
20-05-19,45,17,15, ,4,6, ,87
21-05-19,43,25,11, ,4,7, ,90
22-05-19,50,18,16, ,3,3, ,90
23-05-19,30,15,20, ,4,3, ,72
24-05-19,34,17,13, ,4,2, ,70
25-05-19,32,13,17, ,4,2, ,68
26-05-19,25,14,14, ,4,3, ,60
27-05-19,29,13,13, ,4,2, ,61
28-05-19,26,15,15, ,4,3, ,63
29-05-19,36,18,7, ,5,4, ,70
30-05-19,44,19,14, ,5,3, ,85
31-05-19,39,18,18, ,6,4, ,85
01-06-19,42,16,34, ,8,3, ,103
02-06-19,41,18,15, ,8,3, ,85
03-06-19,43,19,12, ,6,4, ,84
04-06-19,49,20,13, ,6,3, ,91
05-06-19,33,17,6, ,4,4, ,64
06-06-19,39,15,5, ,4,3, ,66
07-06-19,33,23,6, ,4,4, ,70
08-06-19,54,19,10, ,5,3, ,91
09-06-19,43,19,14, ,5,3, ,84
10-06-19,50,20,12, ,4,3, ,89
11-06-19,39,13,9, ,4,3, ,68
12-06-19,25,14,7, ,5,3, ,54
13-06-19,37,16,10, ,3,4, ,70
14-06-19,32,16,12, ,5,4, ,69
15-06-19,39,17,14, ,8,3, ,81
16-06-19,35,12,11, ,4,3, ,65
17-06-19,29,16,5, ,4,4, ,58
18-06-19,39,18,5, ,5,10, ,77
19-06-19,47,19,6, ,5,16, ,93
20-06-19,40,19,13, ,4,4, ,80
21-06-19,35,17,12, ,5,14, ,83
22-06-19,41,15,19, ,6,6, ,87
23-06-19,34,17,14, ,7,3, ,75
24-06-19,46,25,20, ,5,21, ,117
25-06-19,60,27,10, ,5,4, ,106
26-06-19,53,27,17, ,5,3, ,105
27-06-19,57,22,15, ,4,3, ,101
28-06-19,43,27,16, ,3,4, ,93
29-06-19,58,25,16, ,4,12, ,115
30-06-19,45,23,18, ,5,15, ,106
01-01-19,35,19,41, , ,4, ,99
02-01-19,53,27,41, ,1,17, ,139
03-01-19,64,24,36, ,1,4, ,129
04-01-19,45,29,37, ,1,5, ,117
05-01-19,71,29,23, ,2,17, ,142
06-01-19,52,25,18, ,1,36, ,132
07-01-19,43,25,14, ,1,22, ,105
08-01-19,42,25,18, ,1,5, ,91
09-01-19,46,24,18, ,1,1, ,90
10-01-19,39,22,18, ,1, , ,80
11-01-19,41,22,20, ,1,15, ,99
12-01-19,41,19,17, ,1,3, ,81
13-01-19,42,21,16, ,1,27, ,107
14-01-19,48,25,24, ,1,27, ,125
15-01-19,49,21,22, ,2,3, ,97
16-01-19,39,16,14, ,2,2, ,73
17-01-19,23,14,11, ,1, , ,49
18-01-19,31,26,16, ,2,5, ,80
19-01-19,49,25,18, ,2,5, ,99
20-01-19,44,24,17, ,1,5, ,91
21-01-19,42,23,18, ,1,8, ,92
22-01-19,40,22,24, ,1,3, ,90
23-01-19,48,34,26, ,1,14, ,123
24-01-19,62,36,28, ,1,36, ,163
25-01-19,58,31,26, ,1,33, ,149
26-01-19,61,27,21, ,1,5, ,115
27-01-19,49,21,17, ,1,27, ,115
28-01-19,35,21,20, ,1,4, ,81
29-01-19,41,23,20, ,1,19, ,104
30-01-19,45,24,21, ,1,8, ,99
31-01-19,44,25,18, ,1,7, ,95
01-02-19,39,21,18, ,1,2, ,81
02-02-19,40,20,18, ,1,3, ,82
03-02-19,41,19,19, ,1,27, ,107
04-02-19,44,20,20, ,1,17, ,102
05-02-19,42,18,23, ,1,2, ,86
06-02-19,35,20,23, ,1,3, ,82
07-02-19,47,20,20, ,1,3, ,91
08-02-19,44,18,22, ,1,3, ,88
09-02-19,41,18,17, ,1, , ,77
10-02-19,43,19,29, ,2, , ,93
11-02-19,46,21,28, ,2,3, ,100
12-02-19,44,22,19, ,2,3, ,90
13-02-19,42,28,20, ,2,3, ,95
14-02-19,50,27,19, ,2,3, ,101
15-02-19,48,22,21, ,1,3, ,95
16-02-19,41,24,24, ,2,3, ,94
17-02-19,48,25,28, ,1,5, ,107
18-02-19,56,22,23, ,1,4, ,106
19-02-19,46,24,18, ,1,6, ,95
20-02-19,51,25,19, ,1,3, ,99
21-02-19,55,23,19, ,1,3, ,101
22-02-19,45,29,25, ,2,3, ,104
23-02-19,56,25,30, ,2,3, ,116
24-02-19,50,27,24, ,1,3, ,105
25-02-19,59,32,16, ,1,5, ,113
26-02-19,54,27,19, ,1,3, ,104
27-02-19,50,33,20, ,1,3, ,107
28-02-19,60,37,23, ,2,3, ,125
01-03-19,61,27,29, ,2,3, ,122
02-03-19,52,29,33, ,1,3, ,118
03-03-19,57,29,36, ,1,4, ,127
04-03-19,64,31,40, ,3,4, ,142
05-03-19,64,31,22, ,3,4, ,124
06-03-19,54,25,29, ,2,4, ,114
07-03-19,57,37,35, ,2,4, ,135
08-03-19,86,37,31, ,2,4, ,160
09-03-19,60,21,20, ,2,3, ,106
10-03-19,42,22,20, ,3,5, ,92
11-03-19,57,23,31, ,2,6, ,119
12-03-19,52,20,26, ,2,4, ,104
13-03-19,52,24,27, ,1, , ,104
14-03-19,56,26,25, ,1,4, ,112
15-03-19,59,25,20, ,1,4, ,109
16-03-19,56,25,31, ,1, , ,113
17-03-19,58,29,28, ,2,4, ,121
18-03-19,67,33,26, ,4,4, ,134
19-03-19,59,30,25, ,2,5, ,121
20-03-19,65,26,33, ,2,5, ,131
21-03-19,52,24,37, ,1,7, ,121
22-03-19,65,35,36, ,2,6, ,144
23-03-19,69,35,29, ,3,5, ,141
24-03-19,65,34,18, ,2,5, ,124
25-03-19,68,28,18, ,2,4, ,120
26-03-19,62,30,22, ,2,4, ,120
27-03-19,65,37,18, ,2,5, ,127
28-03-19,63,28,24, ,2,6, ,123
29-03-19,55,30,26, ,5,4, ,120
30-03-19,69,35,32, ,10,5, ,151
31-03-19,76,26,18, ,7,4, ,131
01-10-18,66,37,27, ,4,4, ,138
02-10-18,63,43,19, ,4,6, ,135
03-10-18,85,40,24, ,4,5, ,158
04-10-18,63,39,26, ,5,5, ,138
05-10-18,68,39,18, ,4,5, ,134
06-10-18,68,30,11, ,6,6, ,121
07-10-18,57,27,14, ,5,6, ,109
08-10-18,57,30,8, ,11,7, ,113
09-10-18,64,34,17, ,9,6, ,130
10-10-18,58,25,17, ,3,6, ,109
11-10-18,46,20,11, ,3,3, ,83
12-10-18,30,19,9, ,4,4, ,66
13-10-18,38,26,8, ,4,5, ,81
14-10-18,47,26,23, ,5,5, ,106
15-10-18,61,38,17, ,6,5, ,127
16-10-18,75,36,13, ,6,6, ,136
17-10-18,70,30,15, ,4,4, ,123
18-10-18,42,22,25, ,6,4, ,99
19-10-18,41,26,26, ,4,4, ,101
20-10-18,55,29,22, ,6,4, ,116
21-10-18,75,39,23, ,3,6, ,146
22-10-18,59,28,18, ,2,4, ,111
23-10-18,52,30,18, ,2,4, ,106
24-10-18,55,36,16, ,2,5, ,114
25-10-18,77,47,36, ,5,6, ,171
26-10-18,92,41,21, ,5,5, ,164
27-10-18,68,28,24, ,2,5, ,127
28-10-18,58,26,16, ,1,5, ,106
29-10-18,49,28,12, ,1,6, ,96
30-10-18,51,25,15, ,1,5, ,97
31-10-18,41,24,17, ,1,4, ,87
01-11-18,54,28,20, ,1,4, ,107
02-11-18,51,27,9, ,4,5, ,96
03-11-18,59,28,16, ,4,5, ,112
04-11-18,43,26,16, ,3,5, ,93
05-11-18,53,25,19, ,4,5, ,106
06-11-18,39,19,28, ,2,4, ,92
07-11-18,35,18,26, ,3,4, ,86
08-11-18,36,32,7, ,7,4, ,86
09-11-18,71,35,34, ,8,5, ,153
10-11-18,63,28,18, ,4,4, ,117
11-11-18,44,21,36, ,3,5, ,109
12-11-18,47,19,17, ,4,4, ,91
13-11-18,33,20,15, ,8,4, ,80
14-11-18,64,27,7, ,11,4, ,113
15-11-18,53,28,16, ,6,5, ,108
16-11-18,66,28,15, ,5,4, ,118
17-11-18,55,23,25, ,4,4, ,111
18-11-18,54,21,20, ,6,4, ,105
19-11-18,45,22,16, ,5,5, ,93
20-11-18,53,19,22, ,5,4, ,103
21-11-18,40,14,20, ,2,4, ,80
22-11-18,35,17,15, ,1,4, ,72
23-11-18,44,20,28, ,1,4, ,97
24-11-18,39,25,24, ,3,4, ,95
25-11-18,47,19,18, ,4,4, ,92
26-11-18,53,26,13, ,7,3, ,102
27-11-18,39,21,18, ,7,3, ,88
28-11-18,49,23,11, ,3,4, ,90
29-11-18,46,20,10, ,1,4, ,81
30-11-18,41,19,15, ,1,3, ,79
01-12-18,34,15,13, ,3,3, ,68
02-12-18,32,14,10, ,2,4, ,62
03-12-18,34,20,20, ,2,4, ,80
04-12-18,45,20,14, ,1,3, ,83
05-12-18,37,21,17, ,1,6, ,82
06-12-18,51,22,17, ,1,5, ,96
07-12-18,54,21,18, ,3,4, ,100
08-12-18,41,23,19, ,4,6, ,93
09-12-18,49,23,13, ,3,5, ,93
10-12-18,42,21,11, ,2,6, ,82
11-12-18,35,18,13, ,1,7, ,74
12-12-18,48,19,10, ,1,7, ,85
13-12-18,38,17,17, ,1,4, ,77
14-12-18,37,22,21, ,1,3, ,84
15-12-18,47,19,27, ,2,3, ,98
16-12-18,36,18,25, ,3,4, ,86
17-12-18,43,17,25, ,2,3, ,90
18-12-18,41,22,25, ,1,3, ,92
19-12-18,59,22,25, ,1,4, ,111
20-12-18,40,17,15, ,1,5, ,78
21-12-18,34,22,21, , ,6, ,83
22-12-18,55,31,41, ,1,6, ,134
23-12-18,72,33,43, ,2,7, ,157
24-12-18,69,29,34, ,3,6, ,141
25-12-18,54,22,28, ,1,5, ,110
26-12-18,41,18,28, ,1,3, ,91
27-12-18,45,23,33, ,1,4, ,106
28-12-18,58,25,31, ,1,4, ,119
29-12-18,53,25,31, ,1,3, ,113
30-12-18,42, , , , , , ,42
01-07-18,36,24,9, ,2,4, ,75
02-07-18,40,25,6, ,3,7, ,81
03-07-18,38,28,12, ,2,4, ,84
04-07-18,48,29,26, ,3,3, ,109
05-07-18,52,34,26, ,2,3, ,117
06-07-18,64,35,30, ,4,3, ,136
07-07-18,55,30,27, ,3,3, ,118
08-07-18,51,26,21, ,3, , ,101
09-07-18,44,24,17, ,6,3, ,94
10-07-18,36,21,18, ,11,4, ,90
11-07-18,47,26,23, ,9,4, ,109
12-07-18,51,36,25, ,4, , ,116
13-07-18,71,43,24, ,3,4, ,145
14-07-18,76,38,28, ,4,4, ,150
15-07-18,66,35,27, ,5,4, ,137
16-07-18,73,39,23, ,3,4, ,142
17-07-18,69,39,26, ,2,4, ,140
18-07-18,69,41,23, ,3,4, ,140
19-07-18,70,39,24, ,4,5, ,142
20-07-18,70,34,14, ,7,26, ,151
21-07-18,59,27,20, ,9,4, ,119
22-07-18,53,32,27, ,4,4, ,120
23-07-18,67,36,23, ,4, , ,130
24-07-18,66,32,14, ,5, , ,117
25-07-18,55,26,21, ,8,4, ,114
26-07-18,52,31,24, ,5,4, ,116
27-07-18,60,38,31, ,5,4, ,138
28-07-18,72,40,28, ,4,4, ,148
29-07-18,68,34,16, ,6,15, ,139
30-07-18,54,31,19, ,7,5, ,116
31-07-18,66,29,8, ,7,5, ,115
01-08-18,52,23,16, ,7,4, ,102
02-08-18,41,26,23, ,5,5, ,100
03-08-18,56,35,23, ,3,22, ,139
04-08-18,61,34,22, ,4, , ,121
05-08-18,57,34,24, ,5,4, ,124
06-08-18,67,42,23, ,5,4, ,141
07-08-18,81,36,18, ,4,4, ,143
08-08-18,57,33,21, ,4,3, ,118
09-08-18,61,33,20, ,4,11, ,129
10-08-18,60,37,29, ,5,6, ,137
11-08-18,75,36,30, ,6,4, ,151
12-08-18,70,39,25, ,6,4, ,144
13-08-18,68,37,22, ,5,6, ,138
14-08-18,62,39,25, ,4,4, ,134
15-08-18,70,44,27, ,4,13, ,158
16-08-18,78,40,20, ,4,6, ,148
17-08-18,65,38,31, ,5,5, ,144
18-08-18,71,47,32, ,4,5, ,159
19-08-18,77,41,25, ,6, , ,149
20-08-18,66,37,22, ,6,4, ,135
21-08-18,64,35,13, ,5,5, ,122
22-08-18,59,32,17, ,8,5, ,121
23-08-18,55,27,10, ,8,5, ,105
24-08-18,59,27,16, ,5,6, ,113
25-08-18,49,20,21, ,5,5, ,100
26-08-18,38,30,20, ,4,5, ,97
27-08-18,66,41,29, ,4,9, ,149
28-08-18,72,35,20, ,3,7, ,137
29-08-18,58,28,18, ,5,5, ,114
30-08-18,52,25,13, ,7,4, ,101
31-08-18,43,28,25, ,8,6, ,110
01-09-18,65,38,8, ,6,8, ,125
02-09-18,65,30,15, ,6,5, ,121
03-09-18,46,25,5, ,5,5, ,86
04-09-18,58,34,13, ,8,6, ,119
05-09-18,72,34,21, ,7,3, ,137
06-09-18,68,42,7, ,4,5, ,126
07-09-18,84,37,14, ,4,5, ,144
08-09-18,61,29,13, ,7,4, ,114
09-09-18,52,28,14, ,5,4, ,103
10-09-18,65,39,8, ,5,7, ,124
11-09-18,68,27,12, ,5,4, ,116
12-09-18,45,29,21, ,4,4, ,103
13-09-18,57,37,26, ,4,4, ,128
14-09-18,68,40,24, ,5,4, ,141
15-09-18,71,41,27, ,6,4, ,149
16-09-18,70,38,27, ,6,4, ,145
17-09-18,64,36,16, ,4,4, ,124
18-09-18,70,35,20, ,3,5, ,133
19-09-18,62,32,22, ,3,7, ,126
20-09-18,68,28,12, ,4,5, ,117
21-09-18,45,24,21, ,3,5, ,98
22-09-18,50,30,25, ,3,5, ,113
23-09-18,57,33,28, ,3,4, ,125
24-09-18,68,38,27, ,4,4, ,141
25-09-18,62,35,20, ,4,33, ,154
26-09-18,67,35,18, ,4,5, ,129
27-09-18,63,35,20, ,4,4, ,126
28-09-18,66,39,31, ,4,4, ,144
29-09-18,67,37,29, ,4,4, ,141
30-09-18,62,36,26, ,3,4, ,131
01-04-18,79,43,23, ,2,6, ,153
02-04-18,78,37,27, , ,4, ,146
03-04-18,63,35,30, ,3, , ,131
04-04-18,65,32,24, ,3,4, ,128
05-04-18,54,29,20, , ,4, ,107
06-04-18,61,29,19, ,2,4, ,115
07-04-18,53,30,20, ,2, , ,105
08-04-18,54,26,21, , , , ,101
09-04-18,54,29,20, ,3,4, ,110
10-04-18,52,25,19, ,3,4, ,103
11-04-18,48,22,18, ,3,3, ,94
12-04-18,44,20,12, ,2,3, ,81
13-04-18,43,29,11, ,2,4, ,89
14-04-18,48,43,16, ,5,7, ,119
15-04-18,68,31,5, ,3,4, ,111
16-04-18,48,37,12, ,5,6, ,108
17-04-18,59,29,11, ,3,3, ,105
18-04-18,37,30,8, ,2,3, ,80
19-04-18,53,32,13, ,3,4, ,105
20-04-18,48,32,13, ,6,5, ,104
21-04-18,51,32,16, ,4,4, ,107
22-04-18,52,31,15, ,3,4, ,105
23-04-18,53,37,24, ,6,6, ,126
24-04-18,73,40,23, ,6,5, ,147
25-04-18,64,37,24, ,4,5, ,134
26-04-18,56,36,16, ,4,5, ,117
27-04-18,59,40,19, ,5,6, ,129
28-04-18,72,37,16, ,4,6, ,135
29-04-18,51,27,9, ,3,4, ,94
30-04-18,46,32,9, , ,4, ,91
01-05-18,53,38,16, ,4,5, ,116
02-05-18,65,45,20, ,4,6, ,140
03-05-18,67,46,18, ,4,6, ,141
04-05-18,74,36,16, ,4,4, ,134
05-05-18,61,37,15, ,4,5, ,122
06-05-18,61,41,19, ,5,5, ,131
07-05-18,66,34,11, ,5,4, ,120
08-05-18,46,31,14, ,4,3, ,98
09-05-18,42,27,9, ,4,3, ,85
10-05-18,41,29,10, ,5,3, ,88
11-05-18,42,26,13, ,5,4, ,90
12-05-18,44,27,11, ,5,4, ,91
13-05-18,37,26,11, ,5,4, ,83
14-05-18,44,28,13, ,7,5, ,97
15-05-18,40,29,13, ,5,6, ,93
16-05-18,47,44,14, ,5,9, ,119
17-05-18,77,34,14, ,6,5, ,136
18-05-18,43,37,23, ,5,7, ,115
19-05-18,73,56,19, ,9,8, ,165
20-05-18,111,50,26, ,10,5, ,202
21-05-18,78,35,13, ,6,3, ,135
22-05-18,40,39,15, ,6,5, ,105
23-05-18,74,31,23, ,9,3, ,140
24-05-18,38,30,17, ,5,4, ,94
25-05-18,46,29,9, ,3,4, ,91
26-05-18,48,32,16, ,4,5, ,105
27-05-18,52,31,8, ,9,5, ,105
28-05-18,55,29,15, ,7,5, ,111
29-05-18,44,34,13, ,12,5, ,108
30-05-18,61,35,8, ,7,4, ,115
31-05-18,63,40,11, ,7,5, ,126
01-06-18,63,40,35, ,5,6, ,149
02-06-18,70,49,27, ,8,4, ,158
03-06-18,74,34,18, ,6,4, ,136
04-06-18,43,33,18, ,4,4, ,102
05-06-18,57,38,17, ,3,9, ,124
06-06-18,68,40,22, ,4,45, ,179
07-06-18,70,42,14, ,4,4, ,134
08-06-18,67,44,17, ,9,4, ,141
09-06-18,85,45,14, ,5,4, ,153
10-06-18,72,37,14, ,3,8, ,134
11-06-18,60,38,11, ,2,3, ,114
12-06-18,59,34,6, ,2,4, ,105
13-06-18,42,33,7, ,4,5, ,91
14-06-18,57,30,6, ,5,4, ,102
15-06-18,45,30,14, ,5,5, ,99
16-06-18,54,31,15, ,3,9, ,112
17-06-18,54,29,6, ,4,5, ,98
18-06-18,46,27,8, ,6,20, ,107
19-06-18,46,32,3, ,5,3, ,89
20-06-18,46,37,6, ,3,6, ,98
21-06-18,65,50,6, ,3,6, ,130
22-06-18,74,31,5, ,2,4, ,116
23-06-18,39,31,12, ,3,5, ,90
24-06-18,49,26,7, ,5,3, ,90
25-06-18,41,27,5, ,4,4, ,81
26-06-18,47,28,3, ,4,4, ,86
27-06-18,41,25,8, ,3,5, ,82
28-06-18,36,23,3, ,2,4, ,68
29-06-18,36,22,8, ,2,3, ,71
30-06-18,32,23,5, ,1,3, ,64
01-01-18,16,9,8,14,2,5, ,54
02-01-18,26,15,13,18,1,6, ,79
03-01-18,43,17,7,17,1,5, ,90
04-01-18,43,18,10,11,2,5, ,89
05-01-18,42,21,28,15,2,5, ,113
06-01-18,56,20,19,14,3,4, ,116
07-01-18,49,18,22,12,2,5, ,108
08-01-18,43,20,16,17,2,4, ,102
09-01-18,47,18,3,10,2,5, ,85
10-01-18,33,14,6,8,2,5, ,68
11-01-18,23,10,11,10,2,4, ,60
12-01-18,17,10,12,13,2,5, ,59
13-01-18,21,13,17,10,2,5, ,68
14-01-18,24,13,15,15,1,4, ,72
15-01-18,33,17,17,21,1,4, ,93
16-01-18,41,23,15,19, ,4, ,102
17-01-18,40,23,14,23, , , ,100
18-01-18,41,22,17,21, ,5, ,106
19-01-18,49,20,21,24,1,4, ,119
20-01-18,45,18,23,17,1,4, ,108
21-01-18,28,15,24,19,1,4, ,91
22-01-18,37,19,11,17,1,4, ,89
23-01-18,37,17,17,20,1,5, ,97
24-01-18,33,17,13,12,1,4, ,80
25-01-18,35,23,4,9,1,5, ,77
26-01-18,51,26,11,7,1,5, ,101
27-01-18,48,22,13,6,1,5, ,95
28-01-18,43,21,21,7,1,7, ,100
29-01-18,47,24,15,6, ,6, ,98
30-01-18,57,28,10,8, ,5, ,108
31-01-18,58,26,10,7, ,6, ,107
01-02-18,44,28,5,13, ,6, ,96
02-02-18,47,28,18,15,1,5, ,114
03-02-18,59,41,25,9,1,5, ,140
04-02-18,62,43,23,15, ,4, ,147
05-02-18,60,46,21,20, ,5, ,152
06-02-18,65,47,22,24,2,5, ,165
07-02-18,66,43,24,19,2,5, ,159
08-02-18,71,52,31,18,2,5, ,179
09-02-18,87,51,27,20,2,4, ,191
10-02-18,79,47,41,13,2,5, ,187
11-02-18,83,49,33,15,2,5, ,187
12-02-18,70,43,19,20,2,4, ,158
13-02-18,54,36,17,15,2,4, ,128
14-02-18,60,38,28,10,2,4, ,142
15-02-18,66,36,39,15,4,5, ,165
16-02-18,81,34,29,8,5, , ,157
17-02-18,66,34,30,10,2,5, ,147
18-02-18,84,36,14,14,2,3, ,153
19-02-18,63,31,16,13,2,4, ,129
20-02-18,57,37,16,13,2,4, ,129
21-02-18,60,39,18,13,2,4, ,136
22-02-18,52,32,9,16,2,4, ,115
23-02-18,51,26,8,13,2,5, ,105
24-02-18,39,21,13,11,2,3, ,89
25-02-18,50,33,12,14, ,3, ,112
26-02-18,59,38,9,10,1,3, ,120
27-02-18,52,24,8,6,1,3, ,94
28-02-18,41,21,8,7,1,2, ,80
01-03-18,44,19,8,10,1,2, ,84
02-03-18,37,17,11,7,1,2, ,75
03-03-18,37,18,12,12,1,3, ,83
04-03-18,44,18,10,7,1,3, ,83
05-03-18,43,23,12,10,1,3, ,92
06-03-18,50,20,6,14,1,3, ,94
07-03-18,36,19,7,14,1,3, ,80
08-03-18,40,22,9,7,1,2, ,81
09-03-18,49,23,10,4,1,2, ,89
10-03-18,45,29,14,5, ,3, ,96
11-03-18,54,30,13,5, ,3, ,105
12-03-18,61,29,11,6, ,3, ,110
13-03-18,53,25,12,10,1,2, ,103
14-03-18,53,27,17,11,1,2, ,111
15-03-18,54,23,15,9,2,3, ,106
16-03-18,46,19,14,7,1, , ,87
17-03-18,38,17,13,7,1, , ,76
18-03-18,41,20,12,8,2,3, ,86
19-03-18,45,19,12,18,2,3, ,99
20-03-18,41,27,15,30,3,3, ,119
21-03-18,70,26,12,14,3,2, ,127
22-03-18,45,20,11,14,1,2, ,93
23-03-18,48,20,15,13,1,3, ,100
24-03-18,47,28,16,9,1,3, ,104
25-03-18,53,20,15,15,1,3, ,107
26-03-18,44,18,10,25,1,5, ,103
27-03-18,39,21,23,31,2,8, ,124
28-03-18,47,25,14,26,2,7, ,121
29-03-18,53, , , , , , ,53
01-10-17,52,21,15,14,7,5, ,114
02-10-17,50,26,9,20,8,7, ,120
03-10-17,73,21,8,18,7,4, ,131
04-10-17,37,16,18,17,9,5, ,102
05-10-17,43,18,11,17,6,5, ,100
06-10-17,50,26,34,18,4,7, ,139
07-10-17,73,23,17,20,4,5, ,142
08-10-17,58,22,16,18,4,6, ,124
09-10-17,46,14,14,13,6,3, ,96
10-10-17,35,14,17,13,10,4, ,93
11-10-17,36,14,5,16,14,4, ,89
12-10-17,39,17,20,17,18,4, ,115
13-10-17,47,16,17,15,14,3, ,112
14-10-17,40,28,29,19,13,7, ,136
15-10-17,77,23,23,18,14,4, ,159
16-10-17,54,21,29,18,17,4, ,143
17-10-17,58,21,48,12,15,4, ,158
18-10-17,56,23,37,16,9,4, ,145
19-10-17,67,37,26,28,11,5, ,174
20-10-17,97,33,29,21,13,5, ,198
21-10-17,78,38,24,18,11,5, ,174
22-10-17,80,29,20,17,12,5, ,163
23-10-17,70,34,15,28,7,6, ,160
24-10-17,90,40,42,26,8,7, ,213
25-10-17,88,33,25,28,6,7, ,187
26-10-17,82,39,16,26,12,7, ,182
27-10-17,82,26,32,17,7,6, ,170
28-10-17,59,23,20,21,4,5, ,132
29-10-17,49,18,16,18,3,6, ,110
30-10-17,37,15,16,17,1,5, ,91
31-10-17,45,26,27,19,3,3, ,123
01-11-17,71,26,16,23,9,3, ,148
02-11-17,63,24,15,20,14,3, ,139
03-11-17,50,16,21,16,13,8, ,124
04-11-17,41,15,18,12,7,8, ,101
05-11-17,36,15,10,23,7,8, ,99
06-11-17,55,24,10,21,9,6, ,125
07-11-17,52,22,17,12,5,5, ,113
08-11-17,32,15,27,16,2,5, ,97
09-11-17,46,15,14,20,2,5, ,102
10-11-17,35,17,8,20,3,8, ,91
11-11-17,49,20,18,12,5,8, ,112
12-11-17,46,14,22,20,6,5, ,113
13-11-17,49,22,10,17,8,6, ,112
14-11-17,38,15,19,20,5,6, ,103
15-11-17,50,25,23,22,6,7, ,133
16-11-17,73,21,15,20,6,5, ,140
17-11-17,45,19,31,19,11,5, ,130
18-11-17,47,18,27,15,4,6, ,117
19-11-17,43,20,22,19,5,6, ,115
20-11-17,55,21,8,23,5,6, ,118
21-11-17,57,23,23,19,5,6, ,133
22-11-17,56,19,7,13,2,5, ,102
23-11-17,33,11,13,10,1,4, ,72
24-11-17,21,15,16,13,2,5, ,72
25-11-17,27,14,14,12,2,5, ,74
26-11-17,35,12,8,11,2,5, ,73
27-11-17,28,12,26,9, ,5, ,80
28-11-17,31,14,27,9,1,5, ,87
29-11-17,32,11,31,7,2,5, ,88
30-11-17,22,15,26,13,2,5, ,83
01-12-17,38,16,30,13,4,5, ,106
02-12-17,39,19,33,11,6, , ,108
03-12-17,39,19,23,15,4,5, ,105
04-12-17,48,25,21,14,4,5, ,117
05-12-17,57,22,30,20,8, , ,137
06-12-17,57,19,17,17,6,5, ,121
07-12-17,35,14,18,10,2,5, ,84
08-12-17,24,11,14,15,2,5, ,71
09-12-17,39,27,31,14,2,6, ,119
10-12-17,67,28,27,15,2,6, ,145
11-12-17,57,23,20,21,2,6, ,129
12-12-17,54,20,29,18,2,7, ,130
13-12-17,53,20,35,19,3,6, ,136
14-12-17,58,26,26,17,4,6, ,137
15-12-17,57,22,18,16,3,7, ,123
16-12-17,57,22,25,8,2,5, ,119
17-12-17,42,25,26,14,2,5, ,114
18-12-17,57,29,26,16,2,6, ,136
19-12-17,47,23,28,16, ,6, ,120
20-12-17,58,30,34,12,2,6, ,142
21-12-17,63,29,30,16,2,6, ,146
22-12-17,54,16,37,10,3,5, ,125
23-12-17,35,14,23,8,2,5, ,87
24-12-17,21,14,23,10,2,4, ,74
25-12-17,36,14,24,14,3,5, ,96
26-12-17,31,15,20,24,3,6, ,99
27-12-17,46,16,18,19,4,5, ,108
28-12-17,33,18,13,13,3,5, ,85
29-12-17,46,19,10,13,2,4, ,94
30-12-17,46,16,8,13,2,5, ,90
31-12-17,28,10,19,13,3,3, ,76
01-07-17,24,14,13,11,5,5, ,72
02-07-17,37,15,10,13,7,5, ,87
03-07-17,39,14,15,12,12,5, ,97
04-07-17,34,13,8,14,10,5, ,84
05-07-17,28,13,13,12,8,5, ,79
06-07-17,40,14,16,13,5,4, ,92
07-07-17,38,17,16,14,6,4, ,95
08-07-17,51,16,15,10,6,3, ,101
09-07-17,34,11,15,13,6,4, ,83
10-07-17,30,14,12,17,12,4, ,89
11-07-17,42,13,7,12,9,4, ,87
12-07-17,29,15,13,15,3,4, ,79
13-07-17,45,18,6,19,4,5, ,97
14-07-17,57,22,15,15,6,6, ,121
15-07-17,60,20,15,8,5,3, ,111
16-07-17,37,13,24,9,2,4, ,89
17-07-17,48,20,19,14,4, , ,105
18-07-17,53,18,17,12,4, , ,104
19-07-17,41,14,15,13,5, , ,88
20-07-17,37,16,21,10,5,4, ,93
21-07-17,41,18,18,8,5,4, ,94
22-07-17,43,18,18,8,5,4, ,96
23-07-17,44,16,17,8,4,4, ,93
24-07-17,46,20,22,10,4,4, ,106
25-07-17,57,25,21,11,4,4, ,122
26-07-17,64,25,24,15,4, , ,132
27-07-17,66,23,25,11,4,4, ,133
28-07-17,59,24,19,12,4,4, ,122
29-07-17,49,15,15,10,5,4, ,98
30-07-17,36,15,13,9,5, , ,78
31-07-17,35,19,18,11,5,4, ,92
01-08-17,52,24,27,10,4,3, ,120
02-08-17,62,25,25,11,4,4, ,131
03-08-17,55,20,22,12,4,4, ,117
04-08-17,50,20,23,11,4, , ,108
05-08-17,55,20,18,9,4,5, ,111
06-08-17,42,16,7,13,5,5, ,88
07-08-17,40,16,9,12,6,4, ,87
08-08-17,38,14,15,10,6,4, ,87
09-08-17,25,16,12,15,7,6, ,81
10-08-17,47,14,7,14,5,5, ,92
11-08-17,35,17,6,17,7,6, ,88
12-08-17,40,15,10,14,15,5, ,99
13-08-17,39,14,13,11,8,5, ,90
14-08-17,39,14,10,12,4,5, ,84
15-08-17,29,16,17,14,5,5, ,86
16-08-17,49,21,20,14,6,5, ,115
17-08-17,52,19,15,16,2,6, ,110
18-08-17,52,20,13,13,3,4, ,105
19-08-17,41,15,13,10,3,4, ,86
20-08-17,31,13,12,10,4,5, ,75
21-08-17,33,16,12,12,5,5, ,83
22-08-17,33,18,23,12,5,4, ,95
23-08-17,54,21,16,11,4, , ,106
24-08-17,48,17,12,10,5, , ,92
25-08-17,34,11,15,9,4,3, ,76
26-08-17,24,12,15,9,5,4, ,69
27-08-17,33,17,12,12,5,4, ,83
28-08-17,45,24,8,15,8,7, ,107
29-08-17,62,16,19,15,7,5, ,124
30-08-17,35,18,17,14,5,6, ,95
31-08-17,37,13,21,7,4,4, ,86
01-09-17,41,23,28,9,3,5, ,109
02-09-17,64,23,18,6,3,4, ,118
03-09-17,48,18,15,9,4,4, ,98
04-09-17,45,18,13,11,4,3, ,94
05-09-17,40,17,5,15,4,3, ,84
06-09-17,49, , , , , , ,49
11-09-17,63,26,40,14,7,5, ,155
12-09-17,71,29,27,12,4,3, ,146
13-09-17,68,25,17,14,3,5, ,132
14-09-17,57,23,9,20,6,5, ,120
15-09-17,63,22,14,15,9,4, ,127
16-09-17,49,15,16,8,9,3, ,100
17-09-17,25,11,10,13,3,4, ,66
18-09-17,29,16,7,20,4,10, ,86
19-09-17,51,21,11,19,9,8, ,119
20-09-17,47,14,8,11,11,6, ,97
21-09-17,26,14,22,11,9,7, ,89
22-09-17,46,21,20,14,5,7, ,113
23-09-17,59,21,21,13,5,7, ,126
24-09-17,56,19,20,18,6,6, ,125
25-09-17,52,20,11,17,5,3, ,108
26-09-17,39,31,16,22,6,4, ,118
27-09-17,73,23,22,23,13,4, ,158
28-09-17,62,22,13,20,10,2, ,129
29-09-17,46,16,15,16,10,3, ,106
30-09-17,38,17,6,16,10,5, ,92
01-04-17,55,18,23,15,4,5, ,120
02-04-17,43,16,20,14,5,3, ,101
03-04-17,38,14,24,15,5,4, ,100
04-04-17,37,14,23,12,5,4, ,95
05-04-17,31,12,32,15,3,3, ,96
06-04-17,41,15,26,14,3,3, ,102
07-04-17,31,21,11,29,5,4, ,101
08-04-17,57,26,32,26,13,6, ,160
09-04-17,66,25,16,25,7,6, ,145
10-04-17,69,25,32,25,19,5, ,175
11-04-17,68,23,19,20,11,4, ,145
12-04-17,45,15,8,19,8,4, ,99
13-04-17,41,20,15,19,6,6, ,107
14-04-17,35,17,16,15,3,4, ,90
15-04-17,35,23,39,15,2,5, ,119
16-04-17,57,21,21,16,3,4, ,122
17-04-17,45,26,19,21,4,5, ,120
18-04-17,51,21,38,36,5,6, ,157
19-04-17,73,38,25,34,11,7, ,188
20-04-17,90,40,20,25,9,8, ,192
21-04-17,85,20,24,17,6,4, ,156
22-04-17,41,20,19,26,7,5, ,118
23-04-17,64,23,10,24,12,5, ,138
24-04-17,54,29,11,28,7,9, ,138
25-04-17,83,35,15,33,9,7, ,182
26-04-17,77,21,27,23,14,4, ,166
27-04-17,47,19,26,26,9,5, ,132
28-04-17,48,21,9,30,15,5, ,128
29-04-17,70,35,26,23,19,7, ,180
30-04-17,74,19,20,15,8,4, ,140
01-05-17,37,19,8,26,8,6, ,104
02-05-17,61,21,11,26,15,5, ,139
03-05-17,62,22,12,22,16,4, ,138
04-05-17,54,29,20,22,11,7, ,143
05-05-17,74,23,23,20,8,5, ,153
06-05-17,57,28,24,25,13,6, ,153
07-05-17,69,22,28,23,15,5, ,162
08-05-17,59,18,16,15,15,4, ,127
09-05-17,36,13,7,14,6,4, ,80
10-05-17,33,16,10,13,9,5, ,86
11-05-17,43,16,10,18,9,5, ,101
12-05-17,48,18,10,16,10,5, ,107
13-05-17,45,16,17,14,7,4, ,103
14-05-17,29,13,9,16,5,3, ,75
15-05-17,43,16,14,15,8,4, ,100
16-05-17,37,14,16,13,7,3, ,90
17-05-17,38,15,11,10,5,3, ,82
18-05-17,32,13,12,13,6,3, ,79
19-05-17,34,16,15,11,5,3, ,84
20-05-17,40,16,14,12,4,4, ,90
21-05-17,41,14,9,16,5,4, ,89
22-05-17,32,12,15,13,6,3, ,81
23-05-17,31,14,9,15,4,4, ,77
24-05-17,39,16,10,15,4,6, ,90
25-05-17,46,17,9,15,5,3, ,95
26-05-17,44,21,11,18,5,7, ,106
27-05-17,60,20,9,11,5,3, ,108
28-05-17,36,11,16,10,4,2, ,79
29-05-17,22,14,5,18,4,3, ,66
30-05-17,42,21,14,18,18,5, ,118
31-05-17,56,17,11,18,14,3, ,119
01-06-17,42,12,12,15,12,3, ,96
02-06-17,25,12,17,11,9,3, ,77
03-06-17,27,13,21,12,7,3, ,83
04-06-17,34,15,11,12,6,3, ,81
05-06-17,37,19,15,11,6,3, ,91
06-06-17,53,21,22,14,8,3, ,121
07-06-17,55,18,17,10,5,3, ,108
08-06-17,44,16,20,9,5,3, ,97
09-06-17,40,17,16,11,5,3, ,92
10-06-17,41,16,16,12,10,3, ,98
11-06-17,33,12,18,13,9,4, ,89
12-06-17,29,12,17,13,7, , ,78
13-06-17,31,16,16,19,7,4, ,93
14-06-17,42,14,18,17,15,4, ,110
15-06-17,39,19,12,18,5,5, ,98
16-06-17,51,19,19,13,6,4, ,112
17-06-17,43,12,14,13,6,3, ,91
18-06-17,34,12,11,11,8,4, ,80
19-06-17,25,13,19,14,7,4, ,82
20-06-17,40,17,13,18,9,4, ,101
21-06-17,51,23,14,15,6,6, ,115
22-06-17,60,18,7,14,6,4, ,109
23-06-17,41,14,15,14,12,5, ,101
24-06-17,42,17,11,18,14,5, ,107
25-06-17,45,19,30,21,11,5, ,131
26-06-17,60,24,6,22,7,5, ,124
27-06-17,47,21,21,18,5,8, ,120
28-06-17,60,24,9,17,5,7, ,122
29-06-17,48,14,15,13,7,4, ,101
30-06-17,30,10,15,11,5, , ,71
02-01-17,35,15,9,12,2,7, ,80
03-01-17,33,13,13,11,2,5, ,77
04-01-17,27,13,14,9,2,5, ,70
05-01-17,27,16,15,18,4,6, ,86
06-01-17,50,19,22,17,10,6, ,124
07-01-17,44,19,28,12,8,6, ,117
08-01-17,47,18,24,11,5,7, ,112
09-01-17,44,23,18,13,4,6, ,108
10-01-17,53,23,14,16,3,6, ,115
11-01-17,55,23,21,13,4,6, ,122
12-01-17,56,24,24,19,4,5, ,132
13-01-17,69,26,22,18,6,5, ,146
14-01-17,55,25,26,12,6,5, ,129
15-01-17,55,20,29,13,3,6, ,126
16-01-17,41,24,28,19,4,7, ,123
17-01-17,55,20,17,17,4,6, ,119
18-01-17,40,16,19,17,2,7, ,101
19-01-17,40,16,11,17,3,8, ,95
20-01-17,42,18,10,17,7,6, ,100
21-01-17,34,12,13,8,2,6, ,75
22-01-17,27,13,5,12,2,7, ,66
23-01-17,21,12,4,12,2,8, ,59
24-01-17,22,10,10,10,2,6, ,60
25-01-17,22,15,12,8, ,5, ,62
26-01-17,38,19,15,9,2,6, ,89
27-01-17,43,21,16,8,2,6, ,96
28-01-17,38,15,16,7,2,5, ,83
29-01-17,32,14,11,9, ,6, ,72
30-01-17,28,14,11,11,2,5, ,71
31-01-17,38,18,16,11,2,5, ,90
01-02-17,45,25,23,14,3,5, ,115
02-02-17,67,23,20,12,4,5, ,131
03-02-17,38,13,18,12,2,4, ,87
04-02-17,32,14,21,10,2,5, ,84
05-02-17,33,13,19,10,3,5, ,83
06-02-17,29,14,17,15,2,6, ,83
07-02-17,35,17,21,18,2,7, ,100
08-02-17,53,24,28,19,3,8, ,135
09-02-17,64,22,26,11,2,5, ,130
10-02-17,54,23,24,11,2,5, ,119
11-02-17,50,27,27,8,1,6, ,119
12-02-17,55,27,24,10,1,5, ,122
13-02-17,50,30,22,10,1,4, ,117
14-02-17,50,19,18,14,1,4, ,106
15-02-17,32,20,20,14,1,4, ,91
16-02-17,47,27,18,13,1,4, ,110
17-02-17,47,22,15,12,2,5, ,103
18-02-17,47,23,18,9,2,4, ,103
19-02-17,50,21,15,10,1,5, ,102
20-02-17,41,17,12,12,2,5, ,89
21-02-17,42,20,18,9,1,5, ,95
22-02-17,44,16,18,18,2,5, ,103
23-02-17,42,22,5,21,3,6, ,99
24-02-17,51,15,12,15,3,5, ,101
25-02-17,39,18,16,10,1,5, ,89
26-02-17,41,16,14,9,2,4, ,86
27-02-17,34,19,11,11,2,4, ,81
28-02-17,46,17,10,9,2,4, ,88
01-03-17,24,12,14,6,1,2, ,59
02-03-17,36,23,12,11,1,4, ,87
03-03-17,44,18,9,16,1,6, ,94
04-03-17,49,25,17,10,1,5, ,107
05-03-17,60,25,18,14,3,5, ,125
06-03-17,57,22,27,17,3,5, ,131
07-03-17,59,23,26,12,4,5, ,129
08-03-17,55,27,30,14,2,5, ,133
09-03-17,69,26,23,10,2,4, ,134
10-03-17,54,24,25,12,2,4, ,121
11-03-17,57,22,30,19,2,5, ,135
12-03-17,53,27,36,20,7,6, ,149
13-03-17,78,33,31,21,8,5, ,176
14-03-17,70,26,43,29,20,6, ,194
15-03-17,76,27,33,14,15,4, ,169
16-03-17,52,26,22,24,4,6, ,134
17-03-17,65,29,34,17,4,6, ,155
18-03-17,69,25,33,16,3,6, ,152
19-03-17,68,23,19,17,3,6, ,136
20-03-17,42,18,32,20,2,6, ,120
21-03-17,55,18,13,15,4,6, ,111
22-03-17,36,22,22,14,2,6, ,102
23-03-17,62,23,36,21,7,4, ,153
24-03-17,69,32,30,21,13,5, ,170
25-03-17,62,24,29,13,3,7, ,138
26-03-17,59,18,20,12,2,6, ,117
27-03-17,38,19,8,17,3,8, ,93
28-03-17,39,19,17,21,3,6, ,105
29-03-17,47,22,7,21,4,7, ,108
30-03-17,48,20,18,25,5,7, ,123
31-03-17,59,25,15,27,4,7, ,137
01-10-16,61,21,22,12,5,5,56,182
02-10-16,62,26,10,19,5,5,59,186
03-10-16,67,27,21,15,6,5,61,202
04-10-16,76,40,21,26,10,5,74,252
05-10-16,97,36,12,14,11,5,71,246
06-10-16,89,29,3,15,8,3,55,202
07-10-16,54,18,16,13,5,2,45,153
08-10-16,48,20,15,17,8,3,53,164
09-10-16,57,21,21,14,7,3,57,180
10-10-16,57,20,23,9,2,2,48,161
11-10-16,47,16,22,8,2,3,39,137
12-10-16,35,16,15,9,2,4,37,118
13-10-16,33,16,9,14,4,2,45,123
14-10-16,46,18,14,12,7,2,47,146
15-10-16,47,16,8,10,7,3,40,131
16-10-16,37,13,8,13,6,2,35,114
17-10-16,38,16,12,9,5,4,48,132
18-10-16,41,17,8,14,6,5,46,137
19-10-16,48,21,18,17,10,6,57,177
20-10-16,61,23,18,20,8,2,57,189
21-10-16,60,20,14,12,5,2,48,161
22-10-16,39,19,28,14,2,1,60,163
23-10-16,68,31,8,22,4,3,62,198
24-10-16,77,32,17,23,4,4,57,214
25-10-16,71,21,15,15,5,1,46,174
26-10-16,49,20,7,13,7,2,46,144
27-10-16,49,21,10,25,4,2,59,170
28-10-16,70,31,9,18,7,4,61,200
29-10-16,71,17,10,14,8,2,36,158
30-10-16,34,18,11,16,7,2,53,141
31-10-16,56,19,12,16,10,2,48,163
01-11-16,56,18,17,17,4,6,47,165
02-11-16,46,17,13,13,3,6,36,134
03-11-16,31,13,11,15,3,3,41,117
04-11-16,38,17,6,15,4,4,44,128
05-11-16,42,14,14,8,5,1,27,111
06-11-16,25,20,7,17,4,4,54,131
07-11-16,66,23,13,15,10,7,54,188
08-11-16,55,25,24,18,12,6,57,197
09-11-16,63,24,15,18,7,5,56,188
10-11-16,60,22,11,18,4,11,52,178
11-11-16,53,19,17,17,2,10,52,170
12-11-16,53,19,14,15,3,5,42,151
13-11-16,42,16,3,17,3,4,39,124
14-11-16,38,15,16,13,2,4,44,132
15-11-16,44,16,7,15,5,5,47,139
16-11-16,47,19,13,20,7,3,50,159
17-11-16,51,22,16,21,3,5,51,169
18-11-16,50,23,10,23,3,9,61,179
19-11-16,67,23,17,19,4,6,60,196
20-11-16,64,17,17,12,4,5,44,163
21-11-16,36,18,7,18,10,5,51,145
22-11-16,55,17,7,13,12,4,35,143
23-11-16,34,15,15,17,9,7,48,145
24-11-16,48,20,23,19,6,6,49,171
25-11-16,46,19,12,16,2,8,50,153
26-11-16,50,17,13,10,2,9,36,137
27-11-16,33,10,12,9,1,4,28,97
28-11-16,24,11,5,10,1,5,33,89
29-11-16,31,13,17,7,1,4,29,102
30-11-16,25,12,10,13,2,5,34,101
01-12-16,29,12,13,12,3,5,33,107
02-12-16,32,14,10,16,5,6,43,126
03-12-16,46,22,19,17,11,7,54,176
04-12-16,53,16,15,10,5,7,46,152
05-12-16,41,20,22,19,6,8,52,168
06-12-16,61,23,18,15,5,6,41,169
07-12-16,43,17,25,11,2,6, ,104
08-12-16,37,16,11,13,1,6, ,84
09-12-16,35,14,19,8,1,5, ,82
10-12-16,33,14,17,7, ,5, ,76
11-12-16,32,12,19,7,2,5, ,77
12-12-16,26,17,29,14,2,6, ,94
13-12-16,56,20,26,15,2,6, ,125
14-12-16,50,22,26,10,2,6, ,116
15-12-16,71,29,25,21,4,6, ,156
16-12-16,79,29,11,18,5, , ,142
17-12-16,62,18,15,11,2,6, ,114
18-12-16,34,14,19,10,1,6, ,84
19-12-16,39,13,18,7,1,5, ,83
20-12-16,20,11,24,11,2,5, ,73
21-12-16,31,14,13,16,2,6, ,82
22-12-16,33,16,12,12, ,7, ,80
23-12-16,36,11,14,11,1,6, ,79
24-12-16,26,10,14,6,1,5, ,62
25-12-16,23,10,13,5,1,5, ,57
26-12-16,19,9,10,8, ,5, ,51
27-12-16,20,10,6,13, ,6, ,55
28-12-16,33,12,6,15,1,6, ,73
29-12-16,45,22,20,13,1,6, ,107
30-12-16,33,11,12,11,1,6, ,74
31-12-16,28,15,28,19, , , ,90
01-01-17,33,16,11,15,2,5, ,82
01-07-16,58,27,22,11,3,4,57,182
02-07-16,58,29,24,8,3,3,52,177
03-07-16,52,24,21,10,3,4,48,162
04-07-16,47,19,14,8,4,3,45,140
05-07-16,41,16,11,10,4,4,46,132
06-07-16,39,19,13,12,7,4,53,147
07-07-16,52,17,9,14,5,2,43,142
08-07-16,38,17,15,12,6,2,47,137
09-07-16,41,15,15,12,4,2,42,131
10-07-16,33,15,6,16,6,3,50,129
11-07-16,42,16,14,14,6,3,48,143
12-07-16,40,15,6,16,6,3,44,130
13-07-16,45,20,5,18,11,4,55,158
14-07-16,56,18,5,15,7,5,48,154
15-07-16,45,18,24,19,8,5,54,173
16-07-16,59,19,31,16,8,4,50,187
17-07-16,48,20,10,24,4,5,56,167
18-07-16,59,18,17,12,5,3,36,150
19-07-16,31,14,9,20,6,4,44,128
20-07-16,47,20,14,19,10,3,50,163
21-07-16,49,22,3,25,9,5,59,172
22-07-16,64,19,9,17,7,4,44,164
23-07-16,38,13,6,15,4,4,38,118
24-07-16,34,15,4,20,6,4,43,126
25-07-16,44,21,3,17,10,3,52,150
26-07-16,51,22,13,16,5,5,56,168
27-07-16,58,23,10,17,4,3,56,171
28-07-16,60,20,15,17,6,3,50,171
29-07-16,50,17,13,15,5,2,51,153
30-07-16,46,18,11,16,4,2,48,145
31-07-16,45,21,13,24,7,3,56,169
01-08-16,62,20,22,17,15,2,52,190
02-08-16,55,19,13,17,9,2,50,165
03-08-16,49,18,12,15,6,2,45,147
04-08-16,44,18,17,16,5,2,55,157
05-08-16,54,20,14,19,4,4,56,171
06-08-16,60,26,16,10,4,2,59,177
07-08-16,67,29,22,14,6,3,61,202
08-08-16,68,29,22,19,9,5,64,216
09-08-16,75,20,14,13,8,3,44,177
10-08-16,41,18,10,18,6,5,53,151
11-08-16,52,19,10,16,6,4,52,159
12-08-16,51,23,21,21,6,4,61,187
13-08-16,72,26,19,16,10,4,58,205
14-08-16,64,20,20,14,10,2,48,178
15-08-16,44,14,10,12,5,2,37,124
16-08-16,35,16,10,13,4,4,46,128
17-08-16,43,19,10,10,5,2,49,138
18-08-16,37,16,10,10,4, ,43,120
19-08-16,35,15,13,12,5, ,44,124
20-08-16,40,14,8,11,5,2,42,122
21-08-16,39,14,12,15,5,3,45,133
22-08-16,48,25,17,15,9,4,63,181
23-08-16,72,23,9,12,10,2,43,171
24-08-16,44,14,16,13,9,2,40,138
25-08-16,40,32,28,20,10,9,103,242
26-08-16,124,49,15,19,9,8,82,306
27-08-16,92,35,17,17,9,6,77,253
28-08-16,93,38,15,13,5,7,65,236
29-08-16,70,17,7,13,7,4,49,167
30-08-16,50,20,9,9,11,2,56,157
31-08-16,55,20,4,14,5,5,55,158
01-09-16,54,19,13,16,7,4,50,163
02-09-16,49,21,13,17,8,6,61,175
03-09-16,66,22,13,21,8,3,64,197
04-09-16,69,35,12,27,11,4,69,227
05-09-16,82,24,18,19,13,4,53,213
06-09-16,55,17,7,14,8,2,46,149
07-09-16,44,18,11,13,5,3,52,146
08-09-16,51,18,10,14,5,4,53,155
09-09-16,54,25,9,16,4,5,55,168
10-09-16,58,19,13,12,5,3,48,158
11-09-16,43,18,8,18,7,2,52,148
12-09-16,56,21,12,15,5,4,51,164
13-09-16,47,15,5,17,6,4,40,134
14-09-16,37,18,12,14,6,2,54,143
15-09-16,56,18,13,17,8,4,47,163
16-09-16,46,18,19,12,8,7,48,158
17-09-16,50,21,21,19,6,2,58,177
18-09-16,63,19,11,16,10,2,46,167
19-09-16,47,15,11,12,8,4,37,134
20-09-16,33,14,12,13,3,5,46,126
21-09-16,42,23,27,17,3,6,61,179
22-09-16,66,22,18,16,4,3,53,182
23-09-16,54,28,23,24,10,2,60,201
24-09-16,70,22,24,17,13,2,50,198
25-09-16,56,27,24,21,10,3,60,201
26-09-16,71,38,19,24,10,2,70,234
27-09-16,94,34,24,14,9,3,61,239
28-09-16,66,25,19,15,3,2,49,179
29-09-16,54,24,20,21,2,4,61,186
30-09-16,72,27,12,22,5,5,57,200
01-04-16,78,29,23,9,1,5,60,205
02-04-16,64,23,16,9,2,4,52,170
03-04-16,52,20,23,4,2,4,57,162
04-04-16,57,21,17,10,1,5,53,164
05-04-16,55,22,26,11,2,5,57,178
06-04-16,58,26,33,12,2,7,60,198
07-04-16,67,28,31,13,3,7,61,210
08-04-16,71,27,18,3,1,3,60,183
09-04-16,70,33,31,2,2,5,64,207
10-04-16,74,25,23,15,3,3,60,203
11-04-16,73,34,26,21,9,5,68,236
12-04-16,83,27,23,17,4,4,62,220
13-04-16,70,29,14,17,8,5,63,206
14-04-16,76,24,13,22,12,4,51,202
15-04-16,56,20,22,23,15,4,57,197
16-04-16,56,20,26,13,3,4,51,173
17-04-16,47,21,29,19,9,5,62,192
18-04-16,70,27,22,5,5,5,59,193
19-04-16,65,28,9,18,2,7,62,191
20-04-16,70,25,26,13,2,6,59,201
21-04-16,67,24,16,17,2,5,56,187
22-04-16,56,19,13,17,3,2,52,162
23-04-16,46,23,19,2,2,3,53,148
24-04-16,53,16,11,15,3,2,48,148
25-04-16,45,19,24,21,4,5,53,171
26-04-16,52,28,23,27,6,9,62,207
27-04-16,71,29,16,29,4,3,64,216
28-04-16,75,28,10,27,3,3,63,209
29-04-16,75,38,34,31,4,4,73,259
30-04-16,101,37,21,19,7,4,63,252
01-05-16,73,18,14,16,3,2,47,173
02-05-16,44,22,16,17,2,3,53,157
03-05-16,55,15,25,10,3,5,42,155
04-05-16,32,17,19,18,2,8,53,149
05-05-16,61,24,16,18,2,7,57,185
06-05-16,57,22,8,17,3,10,56,173
07-05-16,56,26,18,19,5,10,55,189
08-05-16,64,26,12,23,3,9,59,196
09-05-16,63,16,15,14,3,6,39,156
10-05-16,27,14,16,22,4,7,52,142
11-05-16,49,22,11,18,6,6,54,166
12-05-16,51,19,4,12,3,6,51,146
13-05-16,51,21,6,19,8,5,53,163
14-05-16,57,21,20,17,10,5,54,184
15-05-16,61,20,23,15,6,3,48,176
16-05-16,51,25,20,29,6,7,66,204
17-05-16,86,31,10,20,8,5,54,214
18-05-16,60,20,7,20,4,5,55,171
19-05-16,55,17,16,16,7,2,47,160
20-05-16,42,20,17,12,7,3,41,142
21-05-16,41,14,21,16,8,2,37,139
22-05-16,43,18,25,17,14,3,45,165
23-05-16,43,16,15,15,5,2,46,142
24-05-16,38,14,17,14,6,2,43,134
25-05-16,40,15,12,16,10,3,39,135
26-05-16,34,12,9,13,8,3,36,115
27-05-16,32,13,14,15,3,2,40,119
28-05-16,35,15,26,17,5,3,46,147
29-05-16,51,19,11,18,14,3,45,161
30-05-16,43,17,26,21,9,2,50,168
31-05-16,46,24,12,24,9,2,59,176
01-06-16,61,22,13,22,4,3,58,183
02-06-16,61,27,14,23,3,6,60,194
03-06-16,67,28,3,30,5,5,62,200
04-06-16,67,24,29,19,6,4,59,208
05-06-16,68,21,19,16,7,1,51,183
06-06-16,46,17,16,17,3,1,53,153
07-06-16,48,28,6,24,5,4,59,174
08-06-16,71,28,12,22,7,5,65,210
09-06-16,79,25,7,24,6,3,60,204
10-06-16,61,20,9,18,6,3,49,166
11-06-16,47,13,14,13,3,2,34,126
12-06-16,26,12,12,13,3,3,44,113
13-06-16,36,18,14,16,5,3,55,147
14-06-16,55,19,9,19,7,3,52,164
15-06-16,49,18,5,16,8,4,46,146
16-06-16,43,13,4,14,6,4,38,122
17-06-16,30,13,14,19,5,4,42,127
18-06-16,44,22,25,16,2,5,51,165
19-06-16,54,18,24,15,4,5,53,173
20-06-16,46,17,15,21,5,4,52,160
21-06-16,49,22,5,22,6,4,55,163
22-06-16,55,19,14,7,4,2,49,150
23-06-16,49,16,8,15,3,2,44,137
24-06-16,42,16,15,13,4,3,47,140
25-06-16,44,13,13,13,3,2,39,127
26-06-16,37,15,8,14,3,2,38,117
27-06-16,34,15,18,17,5,2,43,134
28-06-16,45,23,22,16,10,3,52,171
29-06-16,53,25,22,18,8,3,55,184
30-06-16,58,26,25,12,4,3,57,185
04-01-16,37,17,13,9,1,2,36,115
05-01-16,38,17,13,8,2,2,36,116
06-01-16,37,19,15,10,2,2,41,126
07-01-16,47,19,13,10,3,2,38,132
08-01-16,41,20,13,9,3,2,39,127
09-01-16,45,18,16,7,2,1,41,130
10-01-16,36,17,12,12,1,4,44,126
11-01-16,43,21,14,8,2,7,40,135
12-01-16,44,20,15,7,2,5,44,137
13-01-16,46,19,13,9,2,5,41,135
14-01-16,43,18,8,12,3,9,43,136
15-01-16,44,22,9,18,3,12,57,165
16-01-16,60,22,9,12,2,10,49,164
17-01-16,49,20,15,17,2,6,53,162
18-01-16,54,21,9,12,3,2,52,153
19-01-16,55,20,11,12,2,2,48,150
20-01-16,45,18,9,10,2,2,40,126
21-01-16,41,19,7,12,1,2,48,130
22-01-16,46,16,9,9,1,2,37,120
23-01-16,33,18,16,6,1,1,40,115
24-01-16,41,21,12,8, ,2,43,127
25-01-16,42,22,8,13,1,2,44,132
26-01-16,48,24,14,8,1,2,44,141
27-01-16,46,23,13,12,2,2,45,143
28-01-16,46,20,9,12,5,3,48,143
29-01-16,47,18,12,8,1,2,38,126
30-01-16,32,19,9,7,1, ,40,108
31-01-16,47,22,12,6,1,1,37,126
01-02-16,42,20,11,8,1,2,39,123
02-02-16,36,19,15,7, ,2,47,126
03-02-16,43,19,8,10, ,2,37,119
04-02-16,36,16,13,10, ,3,40,118
05-02-16,34,18,16,6, ,2,40,116
06-02-16,44,19,25,6, ,3,44,141
07-02-16,50,31,25,4,1,3,56,170
08-02-16,61,31,24,2,1,3,59,181
09-02-16,65,24,17,5,1,3,48,163
10-02-16,43,14,10,6,1,2,28,104
11-02-16,30,18,13,8,2,2,41,114
12-02-16,45,18,14,5,2,2,37,123
13-02-16,35,15,15,6,2,1,42,116
14-02-16,44,18,15,6,2,2,47,134
15-02-16,45,21,15,5,2,2,47,137
16-02-16,48,26,23,6,2,2,54,161
17-02-16,61,29,17,9, ,2,54,172
18-02-16,58,17,6,11,2,3,32,129
19-02-16,27,14,9,14,2,4,43,113
20-02-16,45,22,17,8, ,3,51,146
21-02-16,48,24,17,8,2,3,49,151
22-02-16,44,23,12,8,3,3,50,143
23-02-16,52,21,6,13,2,5,47,146
24-02-16,41,18,15,9,2,3,46,134
25-02-16,45,26,17,11,2,1,51,153
26-02-16,51,25,16,8,3,2,49,154
27-02-16,46,22,17,5,2,2,47,141
28-02-16,43,24,13,7,2,1,50,140
29-02-16,47,25,15,10, ,2,49,148
01-03-16,46,25,13,8,1,18,51,162
02-03-16,55,27,12,9,2,2,51,158
03-03-16,52,25,9,10,2,2,47,147
04-03-16,45,20,16,10, ,5,42,138
05-03-16,44,20,16,6, ,4,41,131
06-03-16,37,18,12,9, ,4,45,125
07-03-16,48,21,9,14,2,4,51,149
08-03-16,50,20,19,10,2,2,44,147
09-03-16,42,20,15,18,3,2,50,150
10-03-16,57,21,18,10,1,3,48,158
11-03-16,47,18,15,11,1,3,47,142
12-03-16,46,20,14,12, ,3,47,142
13-03-16,50,21,18,9,1,4,54,157
14-03-16,55,22,17,6,1,3,54,158
15-03-16,59,22,23,14,1,6,54,179
16-03-16,54,22,26,12,1,2,57,174
17-03-16,61,24,28,12,1,2,59,187
18-03-16,65,28,33,12,2,2,60,202
19-03-16,69,28,27,13,1,2,61,201
20-03-16,75,30,28,19,1,2,61,216
21-03-16,67,29,23,22,1,3,59,204
22-03-16,69,29,30,19,2,3,62,214
23-03-16,70,24,32,10,2,3,59,200
24-03-16,66,26,38,1,2,6,61,200
25-03-16,68,25,22,1,2,5,57,180
26-03-16,62,29,23,1,1,1,59,176
27-03-16,73,32,23,5,1,2,58,194
28-03-16,65,39,31,15,1,5,72,228
29-03-16,104,51,26,7,2,5,74,269
30-03-16,94,43,22,12,2,5,71,249
31-03-16,104,44,24,11,1,6,66,256
01-10-15,171,97,33,15,3,18,170,507
02-10-15,140,74,24,21,5,13,116,393
03-10-15,173,82,29,15,9,15,170,493
04-10-15,102,72,36,10,4,6,85,315
05-10-15,162,90,30,21,4,12,155,474
06-10-15,165,67,27,18,3,10,90,380
07-10-15,100,39,30,27,5,9,77,287
08-10-15,90,48,36,16,6,9,88,293
09-10-15,110,49,31,14,5,5,84,298
10-10-15,104,46,46,10,4,5,90,305
11-10-15,116,57,36,15,4,6,107,341
12-10-15,140,65,37,16,5,5,126,394
13-10-15,156,59,24,15,4,5,92,355
14-10-15,114,42,34,13,3,4,80,290
15-10-15,92,53,39,13,4,5,110,316
16-10-15,138,55,31,14,4,4,90,336
17-10-15,116,55,40,11,5,5,118,350
18-10-15,133,72,31,11,4,6,116,373
19-10-15,132,62,31,11,4,5,107,352
20-10-15,109,61,37,12,4,6,118,347
21-10-15,148,52,35,12,5,3,78,333
22-10-15,88,59,47,12,4,8,155,373
23-10-15,163,106,27,15,4,14,178,507
24-10-15,176,79,30,18,4,11,144,462
25-10-15,166,80,42,17,4,12,156,477
26-10-15,169,79,47,18,6,12,129,460
27-10-15,151,55,26,14,4,9,78,337
28-10-15,92,27,22,9,3,5,52,210
29-10-15,42,20,18,16,4,5,53,158
30-10-15,51,19,17,14,4,7,49,161
31-10-15,49,25,36,17,3,6,60,196
01-11-15,63,25,21,19,3,5,55,191
02-11-15,52,21,12,21,3,5,57,171
03-11-15,52,24,19,24,6,4,62,191
04-11-15,70,40,30,28,11,6,81,266
05-11-15,100,46,31,21,13,6,81,298
06-11-15,91,29,19,20,13,4,53,229
07-11-15,52,30,30,27,9,8,73,229
08-11-15,87,45,43,25,10,8,89,307
09-11-15,115,39,20,15,9,6,64,268
10-11-15,68,25,19,23,2,7,61,205
11-11-15,72,33,28,20,6,10,68,237
12-11-15,80,32,8,21,7,7,63,218
13-11-15,74,27,19,12,3,5,55,195
14-11-15,50,19,16,11,2,4,40,142
15-11-15,43,13,3,14,2,4,36,115
16-11-15,35,14,24,20,8,4,41,146
17-11-15,47,27,27,14,11,5,51,182
18-11-15,58,19,14,17,4,4,51,167
19-11-15,52,19,10,14,3,4,45,147
20-11-15,39,18,18,19,2,6,43,145
21-11-15,50,24,9,13,8,4,49,157
22-11-15,62,34,38,21,22,3,64,244
23-11-15,90,32,12,24,8,2,61,229
24-11-15,74,32,24,22,4,5,61,222
25-11-15,71,18,9,14,2,2,35,151
26-11-15,32,11,15,12,1,2,31,104
27-11-15,28,16,22,14,3,2,44,129
28-11-15,45,22,22,15,3,3,48,158
29-11-15,52,18,17,18,11,3,49,168
30-11-15,49,16,12,16,4,4,36,137
01-12-15,35,15,10,16,2,6,44,128
02-12-15,43,16,14,12,2,3,43,133
03-12-15,40,21,17,17,2,3,53,153
04-12-15,55,19,13,15,3,3,43,151
05-12-15,45,21,10,13,2,6,42,139
06-12-15,48,14,13,9,1,3,30,118
07-12-15,30,18,12,14,2,4,49,129
08-12-15,46,16,13,12,3,4,38,132
09-12-15,30,14,15,16,3,5,42,125
10-12-15,42,19,10,16,2,7,49,145
11-12-15,47,19,12,11,2,8,39,138
12-12-15,40,14,3,11,2,11,29,110
13-12-15,29,13,10,14,3,9,33,111
14-12-15,35,20,11,15,2,5,54,142
15-12-15,56,22,17,15,2,5,51,168
16-12-15,52,26,20,14,2,6,55,175
17-12-15,57,31,18,14,2,6,60,188
18-12-15,70,34,25,13,3,6,59,210
19-12-15,63,28,34,8,2,6,59,200
20-12-15,64,24,30,12,2,5,54,191
21-12-15,55,27,43,17,3,5,63,213
22-12-15,68,29,28,17,5,4,60,211
23-12-15,68,23,9,18,3,5,49,175
24-12-15,49,22,17,11,2,5,44,150
25-12-15,40,17,16,10,1,3,35,122
26-12-15,36,18,18,9,1,3,39,124
27-12-15,36,17,14,10,1,3,43,124
28-12-15,38,15,7,11,1,2,34,108
29-12-15,29,19,16,13,1,2,44,124
30-12-15,41,24,29,22, , ,40,156
31-12-15,38,20,6,27, , ,25,116
01-01-16,23, , , , , , ,23
14-07-15,31,19,12,14,2,3,39,120
15-07-15,36,15,11,15,3,5,43,128
16-07-15,41,20,13,14,4,6,50,148
17-07-15,43,21,15,14,3,8,49,153
18-07-15,44,21,17,11,2,7,52,154
19-07-15,35,22,15,10,2,3,44,131
20-07-15,38,20,15,12,3,2,47,137
21-07-15,40,19,14,15,3,2,46,139
22-07-15,41,20,15,15,2,2,51,146
23-07-15,40,19,11,14,2,3,49,138
24-07-15,41,20,14,13,3,3,48,142
25-07-15,46,22,19,12,4,3,55,161
26-07-15,32,19,10,11,4,3,44,123
27-07-15,51,19,12,14,7,3,57,163
28-07-15,33,20,9,11,4,2,42,121
29-07-15,34,14,14,7,3,2,36,110
30-07-15,38,16,12,9,2,2,47,126
31-07-15,52,20,11,16,3,4,57,163
01-08-15,53,25,12,17,4,5,55,171
02-08-15,40,20,13,12,5,3,47,140
03-08-15,36,17,7,15,3,3,39,120
04-08-15,47,18,15,18,4,5,50,157
05-08-15,54,20,17,17,6,5,55,174
06-08-15,49,21,11,18,3,4,54,160
07-08-15,52,22,10,18,3,5,56,166
08-08-15,56,22,16,17,3,5,56,175
09-08-15,46,21,20,12,5,4,46,154
10-08-15,61,26,21,9,3,3,60,183
11-08-15,54,28,13,11,3,4,56,169
12-08-15,55,25,5,16,4,5,56,166
13-08-15,57,25,16,15,7,6,57,183
14-08-15,53,21,14,13,4,4,55,164
15-08-15,49,22,17,10,4,6,53,161
16-08-15,47,24,16,8,3,8,52,158
17-08-15,50,24,13,10,4,5,55,161
18-08-15,54,26,27,10,3,2,57,179
19-08-15,74,30,27,13,4,1,67,216
20-08-15,81,37,27,13,5,2,72,237
21-08-15,82,39,22,17,5,2,69,236
22-08-15,102,43,26,16,7,3,82,279
23-08-15,89,43,32,8,2,2,74,250
24-08-15,92,41,27,9,2,2,75,248
25-08-15,104,47,18,15,3,3,83,273
26-08-15,78,43,17,13,2,2,69,224
27-08-15,70,34,23,12,3,2,64,208
28-08-15,79,32,16,12,2,3,68,212
29-08-15,82,38,22,8,3,2,71,226
30-08-15,60,35,15,7,2,1,57,177
31-08-15,62,27,22,9,2,2,57,181
01-09-15,77,33,30,10,2,3,69,224
02-09-15,84,44,29,11,2,4,75,249
03-09-15,114,48,25,9,2,5,89,292
04-09-15,85,48,19,11,2,4,73,242
05-09-15,122,49,26,9,3,5,91,305
06-09-15,129,56,32,10,3,5,97,332
07-09-15,107,47,28,11,4,4,85,286
08-09-15,119,53,29,11,3,5,96,316
09-09-15,89,47,14,17,4,5,75,251
10-09-15,157,57,24,21,6,12,135,412
11-09-15,124,82,34,14,7,9,120,390
12-09-15,119,50,29,13,5,5,96,317
13-09-15,156,71,34,10,3,8,143,425
14-09-15,147,78,20,13,3,8,140,409
15-09-15,156,77,16,22,3,10,119,403
16-09-15,130,61,15,22,5,8,103,344
17-09-15,82,48,25,17,5,4,72,253
18-09-15,105,44,25,12,4,4,88,282
19-09-15,148,67,33,11,2,9,131,401
20-09-15,97,50,31,11,2,6,79,276
21-09-15,95,42,22,13,4,6,80,262
22-09-15,111,46,24,13,5,8,95,302
23-09-15,126,52,33,18,8,7,115,359
24-09-15,222,98,37,13,11,17,240,638
25-09-15,191,141,27,14,14,16,214,617
26-09-15,91,67,27,11,8,5,77,286
27-09-15,119,43,29,10,5,5,97,308
28-09-15,171,75,24,17,10,11,162,470
29-09-15,184,94,34,19,11,20,186,548
30-09-15,161,87,27,19,7,12,150,463
01-04-15,55,21,13,18,3,4,49,163
02-04-15,46,23,21,23,5,5,59,182
03-04-15,67,30,31,23,10,3,64,228
04-04-15,74,26,11,21,5,2,55,194
05-04-15,55,25,29,22,6,2,62,201
06-04-15,72,29,14,14,6,2,52,189
07-04-15,51,19,16,10,2,1,40,139
08-04-15,36,18,16,9,2,2,46,129
09-04-15,41,18,20,6,2,2,38,127
10-04-15,32,16,17,16,2,2,45,130
11-04-15,43,20,21,16,2,3,52,157
12-04-15,45,22,30,14,2,2,55,170
13-04-15,56,24,24,12,2,2,48,168
14-04-15,47,20,25,10,2,2,43,149
15-04-15,41,17,25,8,2,1,41,135
16-04-15,31,21,20,10,3,2,52,139
17-04-15,51,24,31,18,4,2,59,189
18-04-15,60,25,46,20,8,2,55,216
19-04-15,56,28,14,28,10,5,59,200
20-04-15,62,36,34,33,7,4,72,248
21-04-15,88,30,31,21,6,4,57,237
22-04-15,64,27,15,16,7,5,57,191
23-04-15,63,30,15,15,10,6,54,193
24-04-15,61,25,14,15,11,5,49,180
25-04-15,50,19,13,10,7,2,40,141
26-04-15,39,18,11,13,2,2,53,138
27-04-15,51,28,10,15,3,4,55,166
28-04-15,57,22,19,12,2,5,52,169
29-04-15,55,22,17,15,2,3,54,168
30-04-15,57,25,30,16,3,5,57,193
01-05-15,62,24,11,15,5,5,53,175
02-05-15,56,21,6,11,6,2,38,140
03-05-15,42,19,13,15,5,3,52,149
04-05-15,53,30,14,21,4,5,65,192
05-05-15,69,32,26,23,7,5,59,221
06-05-15,75,28,5,12,10,3,51,184
07-05-15,45,20,8,10,5,3,51,142
08-05-15,46,16,12,9,6,2,35,126
09-05-15,38,16,11,5,5,2,42,119
10-05-15,36,18,11,4,3,2,45,119
11-05-15,36,16,10,6,3,3,44,118
12-05-15,40,16,13,9,4,3,52,137
13-05-15,44,16,10,10,4,3,44,131
14-05-15,35,23,5,19,3,7,58,150
15-05-15,61,19,7,8,4,3,35,137
16-05-15,31,12,8,8,4,2,31,96
17-05-15,30,19,7,13,3,4,55,131
18-05-15,53,20,11,8,6,4,54,156
19-05-15,47,18,9,7,4,3,45,133
20-05-15,35,24,15,6,4,6,57,147
21-05-15,57,21,11,9,4,2,54,158
22-05-15,48,21,6,12,5,3,53,148
23-05-15,54,23,17,9,12,4,49,168
24-05-15,47,17,8,8,6,3,48,137
25-05-15,40,16,13,9,4,3,52,137
26-05-15,44,24,10,10,2,5,51,146
27-05-15,48,19,14,10,4,5,46,146
28-05-15,44,13,15,9,3,2,30,116
29-05-15,29,14,15,8,4,1,35,106
30-05-15,31,16,20,10,4,1,40,122
31-05-15,34,21,20,14,4,4,53,150
01-06-15,48,17,15,13,5,3,50,151
02-06-15,41,19,20,17,5,4,52,158
03-06-15,52,16,13,15,5,2,42,145
04-06-15,37,20,13,17,3,3,51,144
05-06-15,43,20,4,21, , ,57,145
06-06-15,53,24,7,17,4,6,40,151
07-06-15,44,15,5,15,4,4,38,125
08-06-15,38,22,7,20,5,5,55,152
09-06-15,59,18,15,15,15,2,41,165
10-06-15,42,14,12,17,7,1,38,131
11-06-15,29,14,3,16,4,2,45,113
12-06-15,30,14,11,19,8,2,38,122
13-06-15,38,21,7,15,14,3,38,136
14-06-15,35,15,7,16,5,2,46,126
15-06-15,44,22,10,19,4,2,52,153
16-06-15,52,25,12,22,4,2, ,117
17-06-15,57,23,18,18,3,2, ,121
18-06-15,55,20,13,13,3,2, ,106
19-06-15,42,17,12,12,2,2, ,87
20-06-15,31,18,13,12,3, , ,77
01-01-15,55,25,26,14,2,1, ,123
02-01-15,48,30,25,8,2,2,55,170
03-01-15,48,20,27,7,1,2,40,145
04-01-15,37,14,25,11,2,2,38,129
05-01-15,35,18,20,11,3,3,42,132
06-01-15,35,14,16,14,3,4,37,123
07-01-15,31,11,13,14,3,2,33,107
08-01-15,26,11,13,10,2,1,27,90
09-01-15,23,11,22,13,2,1,31,103
10-01-15,31,16,19,8,3,2,38,117
11-01-15,28,16,20,10,3,1,41,119
12-01-15,35,20,23,11,3,1,39,132
13-01-15,32,18,24,10,2,2,36,124
14-01-15,30,19,24,9,1,1,44,128
15-01-15,29,20,24,8,2,2,48,133
16-01-15,42,22,30,6,3,2,52,157
17-01-15,38,21,23,4,3,1,46,136
18-01-15,41,27,28,9,3,2,53,163
19-01-15,45,30,27,7,3,2,56,170
20-01-15,55,34,21,11,3,3,58,185
21-01-15,58,34,30,8,3,3,64,200
22-01-15,74,34,25,10,4,2,54,203
23-01-15,52,31,29,7,4,2,58,183
24-01-15,65,40,43,5,5,3,72,233
25-01-15,84,39,29,8,5,2,63,230
26-01-15,70,32,24,9,5,2,56,198
27-01-15,62,25,20,11,5,2,51,176
28-01-15,49,21,10,17,10,2,41,150
29-01-15,35,15,18,15,11,2,37,133
30-01-15,34,19,20,14,7,2,41,137
31-01-15,33,20,24,12,7,2,40,138
01-02-15,35,22,18,12,5,1,50,143
02-02-15,36,23,19,6,4,1,48,137
03-02-15,37,16,17,12,2,2,34,120
04-02-15,31,21,20,11,2,2,46,133
05-02-15,33,20,20,14,3,2,41,133
06-02-15,37,23,29,13,3,2,49,156
07-02-15,41,28,31,10,4,3,55,172
08-02-15,53,28,30,9,4,3,54,181
09-02-15,49, , , , , ,53,102
10-02-15,47, , , , , ,60,107
11-02-15,64, , , , , ,61,125
12-02-15,63, , , , , ,63,126
13-02-15,65, , , , , ,60,125
14-02-15,59,29,36,11,4,2,60,201
15-02-15,59,27,30,11,4,2,57,190
16-02-15,56,28,23,11,4,2,52,176
17-02-15,55,22,16,9,4,2,45,153
18-02-15,44,18,21,7,2,2,31,125
19-02-15,30,16,24,6,2,1,39,118
20-02-15,39,20,25,8,2,1,47,142
21-02-15,47,18,25,8,2,1,39,140
22-02-15,40,17,23,13,2,2,44,141
23-02-15,38,21,18,11,2,2,49,141
24-02-15,49,20,23,13,3,2,49,159
25-02-15,49,22,21,11,3,2,50,158
26-02-15,48,22,23,11,3,2,51,160
27-02-15,51,21,20,10,4,2,44,152
28-02-15,44,18,17,11,3,2,39,134
01-03-15,39,18,16,14,2,1,46,136
02-03-15,41,20,18,14,3,2,54,152
03-03-15,43,25,26,19,4,3,54,174
04-03-15,50,27,27,16,4,3,57,184
05-03-15,65,30,28,18,4,2,61,208
06-03-15,65,27,22,12,4,2,48,180
07-03-15,49,19,23,12,3,2,44,152
08-03-15,37,13,14,15,3,2,42,126
09-03-15,37,18,16,15,4,2,45,137
10-03-15,40,20,10,16,3,2,40,131
11-03-15,38,19,16,16,2,2,49,142
12-03-15,48,25,26,15,3,2,46,165
13-03-15,44,22,26,13,6,2,44,157
14-03-15,42,20,22,10,10, ,38,142
15-03-15,36,20,26,17,8,3,53,163
16-03-15,51,24,28,12,3,2,57,177
17-03-15,53,24,34,10,2,2,58,183
18-03-15,56,26,30,14,3,3,59,191
19-03-15,62,34,49,18,2,3,78,246
20-03-15,100,40,42,14,3,3,71,273
21-03-15,88,38,34,20,2,4,63,249
22-03-15,73,31,24,22,2,5,65,222
23-03-15,71,29,26,12,2,2,58,200
24-03-15,63,25,20,10,3,2,50,173
25-03-15,49,23,18,10,3,2,51,156
26-03-15,55,25,19,11,3,1,50,164
27-03-15,47,25,18,4,3,1,52,150
28-03-15,47,23,15,4,2,2,49,142
29-03-15,43,21,21,4,2,1,51,143
30-03-15,43,24,19,13,2,2,54,157
31-03-15,51,24,15,24,2,3,54,173
01-10-14,93,37,33,16,10,4,74,267
02-10-14,83,39,40,15,11, ,73,261
03-10-14,87,36,22,18,12,4,64,243
04-10-14,78,23,23,9,15,4,33,185
05-10-14,59,26,41,13,15,6,94,254
06-10-14,107,58,33,14,14, ,86,312
07-10-14,100,45,30,14,10,5,82,286
08-10-14,111,42,30,13,10,4,65,275
09-10-14,70,31,35,12,10,3,59,220
10-10-14,60,40,36,17,10,5,87,255
11-10-14,115,55,37,21,11,7,89,335
12-10-14,115,39,40,23,11,5,69,302
13-10-14,84,37,28,26,11,5,67,258
14-10-14,79,39,30,25,10,8,74,265
15-10-14,92,34,21,18,10,5,61,241
16-10-14,69,28,16,18,9,5,62,207
17-10-14,70,33,16,22,11,7,72,231
18-10-14,90,47,36,17,13,8,92,303
19-10-14,114,46,30,19,12,7,81,309
20-10-14,98,37,16,23,11,6,71,262
21-10-14,82,32,12,24,11,6,63,230
22-10-14,72,37,21,32,25,8,75,270
23-10-14,98,40,35,22,23,5,74,297
24-10-14,88,34,31,20,10,5,69,257
25-10-14,77,27,22,12,7,4,59,208
26-10-14,60,22,10,16,5,4,56,173
27-10-14,55,26,8,21,6,5,68,189
28-10-14,78,37,11,21,8,6,69,230
29-10-14,77,33,6,27,6,5,68,222
30-10-14,78,34,27,25,6,6,67,243
31-10-14,80,33,27,25,12,8,68,253
01-11-14,84,37,42,16,14,6,88,287
02-11-14,117,54,33,19,13,6,89,331
03-11-14,107,44,36,18,8,6,75,294
04-11-14,93,35,36,18,5,6,69,262
05-11-14,93,33,26,23,5,7,65,252
06-11-14,72,24,21,25,6,6,51,205
07-11-14,60,23,24,21,9,5,56,198
08-11-14,56,16,19,16,10,4,36,157
09-11-14,38,25,21,23,10,6,64,187
10-11-14,68,24,18,25,5,6,61,207
11-11-14,63,36,23,30,8,9,68,237
12-11-14,82,28,30,20,8,7,50,225
13-11-14,47,20,30,15,3,4,36,155
14-11-14,35,16,24,19,4,4,34,136
15-11-14,31,15,16,15,7,5,36,125
16-11-14,36,17,20,18,6,5,44,146
17-11-14,43,16,6,18,5,5,43,136
18-11-14,43,17,27,14,4,5,42,152
19-11-14,40,15,16,18,3,5,37,134
20-11-14,40,18,16,20,3,6,45,148
21-11-14,40,17,19,17,4,6,51,154
22-11-14,44,18,18,14,4,6,42,146
23-11-14,42,17,16,19,4,5,49,152
24-11-14,43,17,18,17,5,5,43,148
25-11-14,44,18,18,18,5,4,47,154
26-11-14,39,18,18,17,4,4,47,147
27-11-14,43,20,17,16,5,5,46,152
28-11-14,45,14,13,15,4,4,32,127
29-11-14,35,16,23,15,9,5,46,149
30-11-14,45,19,12,20,14,4,43,157
01-12-14,44,20,16,22,18,5,50,175
02-12-14,52,24,29,19,13,6,56,199
03-12-14,58,22,17,19,9,5,51,181
04-12-14,55,26,42,21,20,5,64,233
05-12-14,75,25,20,17,15,4,44,200
06-12-14,42,17,23,14,5,4,37,142
07-12-14,30,14,18,15,4,5,42,128
08-12-14,37,17,21,15,4,5,47,146
09-12-14,42,23,22,14,5,4, ,110
10-12-14,46,23,23,16,4,3, ,115
11-12-14,45,21,24,17,4,3, ,114
12-12-14,40,18,23,18,5,2, ,106
13-12-14,35,19,22,15,5,3, ,99
14-12-14,38,15,16,11,6,2, ,88
15-12-14,29,13,14,14,6,4, ,80
16-12-14,34,14,13,17,6,4, ,88
17-12-14,29,15,16,14,3,4, ,81
18-12-14,31,13,18,15,2,5, ,84
19-12-14,26,13,20,15,3,5, ,82
20-12-14,33,11,21,12,3,3, ,83
21-12-14,29,11,17,13,3,3, ,76
22-12-14,27,14,11,14,4,2, ,72
23-12-14,32,15,14,15,5,3, ,84
24-12-14,32,14,19,15,5,3,52,140
25-12-14,41,18,15,19,6,4, ,103
26-12-14,39,16,19,20,5,4, ,103
27-12-14,38,13,19,10,4,3, ,87
28-12-14,22, , , , , , ,22
01-07-14,49,22,14,12,5,4,55,161
02-07-14,54,25,14,10,5,4,60,172
03-07-14,63,25,9,11,6,3,59,176
04-07-14,62,26,8,11,8,4,53,172
05-07-14,65,21,11,10,11,4,52,174
06-07-14,58,17,12,10,7,3,51,158
07-07-14,50,18,18,10,10,3,52,161
08-07-14,51,19,9,10,10,3,42,144
09-07-14,52,16,14,9,6,2,48,147
10-07-14,44,20,9,9,6,3,54,145
11-07-14,53,21,12,11,9,4,52,162
12-07-14,55,19,19,7,16,2,46,164
13-07-14,51,17,18,7,8,2,48,151
14-07-14,43,26,15,6,10,3,54,157
15-07-14,55,26,20,7,5,3,54,170
16-07-14,54,27,10,11,7,3,57,169
17-07-14,59,23,16,9,9,3,55,174
18-07-14,59,22,14,7,6,3,52,163
19-07-14,54,19,18,8,7,3,51,160
21-07-14,48,19,15,5,6,3,44,140
22-07-14,46,22,17,7,7,3,53,155
23-07-14,53,26,19,6,7,3,56,170
24-07-14,56,30,20,7,8,3,59,183
25-07-14,60,30,18,5,6, ,56,175
26-07-14,58,25,18,7,5,4,51,168
27-07-14,55,21,18,7,7,4,52,164
28-07-14,57,20,10,9,7,4,48,155
29-07-14,54,22,6,14,6,5,55,162
30-07-14,57,20,6,10,7,4,42,146
31-07-14,53,13,10,9,9,3,42,139
01-08-14,36,18,12,9,7,3,53,138
02-08-14,51,23,19,8,6,3,56,166
03-08-14,60,22,15,10,9,3,56,175
04-08-14,60,21,10,8,7,3,43,152
05-08-14,52,16,8,11,8,3,46,144
06-08-14,40,15,9,10,8,3,37,122
07-08-14,37,15,6,11,8,3,41,121
08-08-14,40,16,18,5,4,2,31,116
09-08-14,36,10,15,6,3, ,30,100
10-08-14,27,10,9,8,5, ,36,95
11-08-14,34,15,8,10,7,3,43,120
12-08-14,41,18,5,14,13,4,49,144
13-08-14,50,19,6,12,9,3,47,146
14-08-14,50,17,6,15,6,3,46,143
15-08-14,45,28,17,15,8,6,60,179
16-08-14,68,28,9,12,7,3,55,182
17-08-14,65,21,21,7,6,2,55,177
18-08-14,55,24,21,9,6,3,55,173
19-08-14,60,24,20,13,8,4,60,189
20-08-14,62,26,20,13,9,3,60,193
21-08-14,64,26,19,11,10,4,54,188
22-08-14,63,17,14,9,7,3,43,156
23-08-14,45,21,9,13,10,5,55,158
24-08-14,54,24,8,14,9,6,59,174
25-08-14,61,30,12,16,7,8,60,194
26-08-14,69,24,13,17,15,4,51,193
27-08-14,62,20,6,15,18,5,47,173
28-08-14,55,19,17,11,7,5,54,168
29-08-14,54,23,18,11,8,6,56,176
30-08-14,58,21,16,8,8,5,54,170
31-08-14,55,24,28,8,7,4,61,187
01-09-14,61,29,27,9,8,4,61,199
02-09-14,68,34,16,12,12,4,62,208
03-09-14,77,35,29,14,11,9,71,246
04-09-14,79,35,26,12,13,3,62,230
05-09-14,80,24,16,7,18,2,40,187
06-09-14,58,17,27,9,13,3,52,179
07-09-14,44,28,27,11,11,3,64,188
08-09-14,67,32,23,12,11,3,62,210
09-09-14,73,32,26,18,10,4,61,224
10-09-14,71,33,24,18,8,4,61,219
11-09-14,71,38,24,23,7,7,65,235
12-09-14,79,37,22,19,8,4,66,235
13-09-14,77,36,28,16,8,3,67,235
14-09-14,74,41,21,21,9,5,90,261
15-09-14,91,40,31,15,8,3,62,250
16-09-14,84,33,32,14,7,3,67,240
17-09-14,65,52,36,16,7,6,97,279
18-09-14,116,58,28,18,8,6,89,323
19-09-14,137,38,17,17,9,4,56,278
20-09-14,84,23,30,16,10,4,62,229
21-09-14,57,50,30,17,10,6,77,247
22-09-14,109,34,31,14,7,3,61,259
23-09-14,72,37,27,14,8,4,69,231
24-09-14,75,27,20,18,14,6,49,209
25-09-14,64,27,42,22,17,6,66,244
26-09-14,64,33,33,18,10,5,66,229
27-09-14,78,35,43,11,8,5,73,253
28-09-14,85,38,38,14,9,5,70,259
29-09-14,85,39,37,15,10,5,73,264
30-09-14,86,42,30,18,9,5,74,264
01-04-14,62,24,27,15,7,3, ,138
02-04-14,61,20,16,10,7,2, ,116
03-04-14,54,22,26,19,6,4, ,131
04-04-14,59,28,9,17,7,4, ,124
05-04-14,70,20,23,11,3,3, ,130
06-04-14,56,19,27,12,1,3, ,118
07-04-14,47,22,22,16,5,3, ,115
08-04-14,54,26,32,19,7,4, ,142
09-04-14,62,25,16,15,3,4, ,125
10-04-14,62,25,28,21,4,6, ,146
11-04-14,63,26,16,18,4,5,55,187
12-04-14,62,24,37,13,3,4,57,200
13-04-14,62,25,15,12,6,5,55,180
14-04-14,65,29,17,22,4,5, ,142
15-04-14,65,35,17,15,9,3, ,144
16-04-14,80,33,19,22,14,6, ,174
17-04-14,74,40,13,33,11,5, ,176
18-04-14,89,24,16,20,4,4, ,157
19-04-14,61,33,25,12,16,3, ,150
20-04-14,76,20,7,37,8,5, ,153
21-04-14,55,27,4,27,7,5, ,125
22-04-14,65,28,9,32,7,6, ,147
23-04-14,68,30,7,34,3,6, ,148
24-04-14,68,21,15,21,2,5, ,132
25-04-14,57,34,20,35,5,6, ,157
26-04-14,80,35,11,24,6,5, ,161
27-04-14,82,26,17,28,10,4, ,167
28-04-14,68,30,15,22,20,4, ,159
29-04-14,74,31,10,28,9,4, ,156
30-04-14,74,35,8,23,9,5, ,154
01-05-14,78,20,14,30,18,3, ,163
02-05-14,61,20,13,21,9,3, ,127
03-05-14,55,18,7,22,7,4, ,113
04-05-14,46,23,23,8,7,3, ,110
05-05-14,59,23,5,21,5,4, ,117
06-05-14,57,20,11,22,5,5,50,170
07-05-14,51,19,15,25,7,5,46,168
08-05-14,49,32,17,33,13,9,66,219
09-05-14,78,21,15,14,7,3,45,183
10-05-14,56,21,24,18,6,5,56,186
11-05-14,52,24,9,20,6,6,56,173
12-05-14,64,26,38,18,11,6,61,224
13-05-14,64,29,18,20,16,5,55,207
14-05-14,70,21,22,16,19,4,52,204
15-05-14,59,17,14,18,15,3,46,172
16-05-14,49,19,16,22,19,3,44,172
17-05-14,52,15,8,21,17,4,37,154
18-05-14,44,17,6,18,10,5,48,148
19-05-14,46,15,15,23,11,4,43,157
20-05-14,43,25,22,30,15,6,62,203
21-05-14,63,32,13,27,17,6,55,213
22-05-14,76,17,9,19,11,4,38,174
23-05-14,49,23,18,18,12,8,52,180
24-05-14,54,17,14,20,12,5,40,162
25-05-14,48,12,9,18,10,5,42,144
26-05-14,35,24,10,27,12,8,59,175
27-05-14,57,19,16,18,14,2,36,162
28-05-14,48,20,11,29,9,4,57,178
29-05-14,53,28,15,17,26,2,57,198
30-05-14,67,21,10,14,36,3,43,194
31-05-14,56,13,10,9,11,2,32,133
01-06-14,36,15,10,14,8,3,51,137
02-06-14,43,19,12,9,10,3,48,144
03-06-14,49,19,6,12,9,4,45,144
04-06-14,51,18,6,14,13,4,48,154
05-06-14,46,16,6,11,13,3,41,136
06-06-14,45,21,13,18,8,7,49,161
07-06-14,53,16,15,6,9,2,39,140
08-06-14,42,15,18,9,9,2,46,141
09-06-14,40,21,14,11,12,4,56,158
10-06-14,53,21,14,10,11,3,48,160
11-06-14,55,19,14,9,10,3,46,156
12-06-14,48,21,19,11,15,2,52,168
13-06-14,54,19,8,12,14,3,44,154
14-06-14,51,15,18,9,16,3,42,154
15-06-14,40,18,16,8,13,2,51,148
16-06-14,48,17,16,8,15,2,44,150
17-06-14,46,18,17,10,18,2,44,155
18-06-14,48,19,13,12,24,2,46,164
19-06-14,48,18,17,8,11,3,49,154
20-06-14,51,19,22,9,8,3,50,162
21-06-14,52,26,28,10,13,4,59,192
22-06-14,63,28,22,12,13,3,58,199
23-06-14,68,31,20,14,18,4,61,216
24-06-14,70,23,27,8,12,3,43,186
25-06-14,55,15,17,7,6,2,47,149
26-06-14,44,19,14,9,6,3,49,144
27-06-14,51,21,22,12,9,3,55,173
28-06-14,55,21,23,10,13,2,44,168
29-06-14,55,21,11,11,7,4,50,159
30-06-14,59,18,15,10,5,3,48,158
01-01-14,57,29,17,7,3,5,35,153
02-01-14,57,29,12,10,3,3,30,144
03-01-14,59,20,13,8,3,3,24,130
04-01-14,53,17,8,6,3,3,13,103
05-01-14,38,14,5,10,3,6,20,96
06-01-14,33,26,13,9,4,4,34,123
07-01-14,60,27,15,7,3,3,28,143
08-01-14,59,17,6,8,3,3,19,115
09-01-14,45,17,16,11,8,4,24,125
10-01-14,48,17,14,6,8,3,16,112
11-01-14,42,15,9,8,1, ,20,95
12-01-14,34,20,16,7,1, ,27,105
13-01-14,37,28,15,8,1,2,33,124
14-01-14,44,29,20,8,1,3,36,141
15-01-14,52,33,24,9,1,4,37,160
16-01-14,60,30,22,8,1,3,31,155
17-01-14,58,24,16,8,1,2,28,137
18-01-14,44,23,18,6,1,2,29,123
19-01-14,37,25,17,8,1, ,30,118
20-01-14,42,25,19,9,1,3,34,133
21-01-14,51,30,20,10,2,4,33,150
22-01-14,57,34,28,9,2,4,45,179
23-01-14,66,40,22,9,2,5,47,191
24-01-14,75,38,24,6,3,5,42,193
25-01-14,71,36,30,8,7,4,38,194
26-01-14,69,32,20,6,6,4,31,168
27-01-14,63,28,19,5,5,3,32,155
28-01-14,56,24,18,5,2,3,26,134
29-01-14,49,20,21,5,2,3,24,124
30-01-14,48,21,22,4,2,3,26,126
31-01-14,51,21,22,7,2,3,24,130
01-02-14,50,19,21,9,3,3,23,128
02-02-14,46,19,28,6,3,4,21,127
03-02-14,50,22,45,7,4,4,30,162
04-02-14,57,29,26,7,4,4,32,159
05-02-14,68,24,19,8,4,3,24,150
06-02-14,58,20,22,8,5,3,25,141
07-02-14,52,29,27,9,5,5,39,166
08-02-14,68,30,33,9,4,5,30,179
09-02-14,70,29,32,9,6,4,31,181
10-02-14,67,26,21,7,6,3,29,159
11-02-14,61,24,17,6,2,3,29,142
12-02-14,59,29,15,6,2,3,34,148
13-02-14,65,29,18,6,2,4,31,155
14-02-14,60,29,20,5,2,4,35,155
15-02-14,63,32,22,5,3,4,31,160
16-02-14,66,30,18,5,3,4,34,160
17-02-14,65,32,18,6,2,4,34,161
18-02-14,66,31,18,6,2,4,32,159
19-02-14,67,23,17,5,2,3,26,143
20-02-14,57,26,13,5,3,3,30,137
21-02-14,56,28,19,5,4,3,33,148
22-02-14,56,29,23,6,3,3,32,152
23-02-14,57,30,26,6,3,4,35,161
24-02-14,61,31,21,9,3,3,35,163
25-02-14,60,31,20,6,2,4,32,155
26-02-14,60,28,17,5,3,3,30,146
27-02-14,58,29,18,5,4,6,33,153
28-02-14,59,30,18,6,3,4,32,152
01-03-14,63,27,26,5,3,4,28,156
02-03-14,58,25,27,7,3,4,31,155
03-03-14,57,35,30,8,4,5,46,185
04-03-14,74,31,23,7,4,3,29,171
05-03-14,69,27,22,6,4,4,31,163
06-03-14,59,33,25,7,3,5,44,176
07-03-14,76,41,28,7,3,5,46,206
08-03-14,91,40,27,6,2,5,40,211
09-03-14,90,36,24,6,2,5,44,207
10-03-14,82,41,24,8,2,5,46,208
11-03-14,88,59,23,6,2,6,58,242
12-03-14,136,49,30,6,3,6,56,286
13-03-14,100,54,24,6,3,7,56,250
14-03-14,124,40,12,6,3,5,38,228
15-03-14,86,24,6,7,2,5,24,154
16-03-14,58,14,5,8,2,4,19,110
17-03-14,38,18,10,9,2,5,26,108
18-03-14,44,23,14,10,2,5,31,129
19-03-14,54,29,12,15,3,5,33,151
20-03-14,62,27,29,18,5,6,33,180
21-03-14,63,32,32,14,7,4,39,191
22-03-14,73,30,26,9,4,3,28,173
23-03-14,69,25,23,8,4,3,32,164
24-03-14,61,29,22,12,4,4,35,167
25-03-14,65,30,21,11,4,4,35,170
26-03-14,62,28,21,10,3,4,35,163
27-03-14,59,39,21,12,4,5,38,178
28-03-14,80,23,14,14,5,4,25,165
29-03-14,58,25,27,16,5,5,31,167
30-03-14,60,21,19,12,6,3,23,144
31-03-14,59,24,27,15,5,4, ,134
31-03-20, ,24,24, ,2,4, ,54
31-12-19, ,21,21, ,1,2, ,45
31-12-18, ,16,29, ,1,4, ,50
31-03-18, ,43,26, ,2,6, ,77
10-09-17, ,25,20,21,8,6, ,80
03-01-16, ,14,10,13,1,2,38,78
01-07-15, ,31,13,20,6,6,70,146
02-07-15, ,32,17,15,5,3,65,137
03-07-15, ,29,15,14,7,2,56,123
04-07-15, ,27,24,16,7,2,66,142
05-07-15, ,27,24,16,7,2,66,142
06-07-15, ,30,21,16,5, ,61,133
07-07-15, ,30,18,15,2,1,62,128
08-07-15, ,30,13,17,2,1,64,127
09-07-15, ,35,28,20,5,6,69,163
10-07-15, ,38,17,20,10,5,70,160
11-07-15, ,27,17,16,7,1,56,124
12-07-15, ,25,18,15,5,1,52,116
13-07-15, ,20,13,13,4,1,51,102
21-06-15, ,19,15,11,2,4, ,51
22-06-15, ,23,18,13,2,3, ,59
23-06-15, ,27,20,12,2,3, ,64
24-06-15, ,29,21,12,2,4,60,128
25-06-15, ,25,21,12,2, ,57,117
26-06-15, ,21,14,12,2, ,46,95
27-06-15, ,20,12,11,2,5,42,92
28-06-15, ,20,18,14,2,5,56,115
29-06-15, ,23,21,13,3,5,60,125
30-06-15, ,27,10,20,3,5,58,123
31-12-14, ,23,34,16,3,1, ,77
20-07-14, ,17,14,7,6,3,47,94
31-12-13, ,27,17,7,2,5,29,87
